--
-- PostgreSQL database dump
--

-- Dumped from database version 12.2
-- Dumped by pg_dump version 12.2

SET statement_timeout = 0;
SET lock_timeout = 0;
SET idle_in_transaction_session_timeout = 0;
SET client_encoding = 'UTF8';
SET standard_conforming_strings = on;
SELECT pg_catalog.set_config('search_path', '', false);
SET check_function_bodies = false;
SET xmloption = content;
SET client_min_messages = warning;
SET row_security = off;

--
-- Name: generate_dates(date, date, integer); Type: FUNCTION; Schema: public; Owner: postgres
--

CREATE FUNCTION public.generate_dates(dt1 date, dt2 date, n integer) RETURNS SETOF date
    LANGUAGE sql IMMUTABLE
    AS $_$
SELECT $1 + i
FROM generate_series(0, $2 - $1, $3) i;
$_$;


ALTER FUNCTION public.generate_dates(dt1 date, dt2 date, n integer) OWNER TO postgres;

--
-- Name: my_f(integer); Type: FUNCTION; Schema: public; Owner: postgres
--

CREATE FUNCTION public.my_f(n integer) RETURNS TABLE(num integer)
    LANGUAGE plpgsql
    AS $$
declare
    i int;
begin
    create temp table t(
        num      int
    );
    i = 0;
   IF (n < 1) THEN
      RETURN query select * from t;
      drop table t;
   END IF;

   LOOP
      EXIT WHEN i = n ;
      i = i + 1 ;
      insert into t values (i);
   END LOOP ;

    return query select * from t;
    drop table t;
end;
$$;


ALTER FUNCTION public.my_f(n integer) OWNER TO postgres;

--
-- Name: my_f(date, date, integer); Type: FUNCTION; Schema: public; Owner: postgres
--

CREATE FUNCTION public.my_f(d1 date, d2 date, window_size integer) RETURNS TABLE(client integer, goods integer, ddate date, ssum integer, predication double precision)
    LANGUAGE plpgsql
    AS $$
DECLARE
    curs CURSOR FOR SELECT recept.client cl, recgoods.goods g, recept.ddate d, sum(recgoods.volume * recgoods.price) s
                    FROM recept
                             JOIN recgoods ON (recept.id = recgoods.subid)
                    WHERE recept.ddate >= d1
                      AND recept.ddate <= d2
                    GROUP BY recept.client, recgoods.goods, recept.ddate

    ;
    pred    double precision;
    cnt     int;
--     cursor
    cl      int;
    dg      int;
    dd      date;
    ss      int;
    prev_cl int;
    prev_g  int;

BEGIN
    CREATE TEMP TABLE t
    (
        client      int,
        goods       int,
        ddate       date,
        ssum        int,
        predicition double precision
    );
    prev_cl = -1;
    prev_g = -1;

    OPEN curs;
    cnt = 0;
    LOOP

        FETCH curs INTO cl, dg, dd, ss;
        EXIT WHEN NOT FOUND;
        IF cnt < window_size THEN
            pred = ss;
        ELSE


            IF cl != prev_cl OR prev_g != dg THEN
                pred = ss;
            ELSE
                SELECT sum(temp.ssum) / window_size
                INTO pred
                FROM (SELECT t.ssum
                      FROM t
                      WHERE t.goods = dg
                        AND t.client = cl
                      ORDER BY t.ddate
                      LIMIT window_size
                     ) temp;
            END IF;

            prev_cl = cl;
            prev_g = dg;
        END IF;

        INSERT INTO t VALUES (cl, dg, dd, ss, pred);
        cnt = cnt + 1;

    END LOOP;


    CLOSE curs;
    RETURN QUERY SELECT * FROM t ORDER BY t.ddate;
    DROP TABLE t;
END;
$$;


ALTER FUNCTION public.my_f(d1 date, d2 date, window_size integer) OWNER TO postgres;

--
-- Name: predict(date, date, integer); Type: FUNCTION; Schema: public; Owner: postgres
--

CREATE FUNCTION public.predict(d1 date, d2 date, window_size integer) RETURNS TABLE(region integer, ddate date, ssum integer, prediction double precision)
    LANGUAGE plpgsql
    AS $$
DECLARE
    curs CURSOR FOR SELECT city.region, recept.ddate, SUM(goods.weight * recgoods.volume)
                    FROM city
                             JOIN client ON client.city = city.id
                             JOIN recept ON recept.client = client.id
                             JOIN recgoods ON recgoods.subid = recept.id
                             JOIN goods ON goods.id = recgoods.goods
                    WHERE recept.ddate BETWEEN '2020-01-01' AND '2020-12-31'
                    GROUP BY city.region, recept.ddate ;
    pred double precision;
    cnt  int;
    rg   int;
    dd   date;
    ss   int;


BEGIN
    CREATE TEMP TABLE t
    (
        region     int,
        ddate      date,
        ssum       int,
        prediction double precision
    );

    OPEN curs;
    cnt = 0;

    LOOP
        FETCH curs INTO rg, dd, ss;
        EXIT WHEN NOT FOUND;

        pred = (SELECT sum(d.ssum)
                FROM (SELECT t.ssum, row_number() OVER () AS row_n FROM t) AS d
                WHERE d.row_n > cnt - window_size
                  AND d.row_n < cnt)
                   / window_size;
        INSERT INTO t VALUES (rg, dd, ss, prediction);

        cnt = cnt + 1;
    END LOOP;

    CLOSE curs;
    RETURN QUERY SELECT * FROM t;
    DROP TABLE t;
END;
$$;


ALTER FUNCTION public.predict(d1 date, d2 date, window_size integer) OWNER TO postgres;

SET default_tablespace = '';

SET default_table_access_method = heap;

--
-- Name: bank_income; Type: TABLE; Schema: public; Owner: postgres
--

CREATE TABLE public.bank_income (
    id integer NOT NULL,
    ddate date,
    summ integer,
    client integer
);


ALTER TABLE public.bank_income OWNER TO postgres;

--
-- Name: bank_income_id_seq; Type: SEQUENCE; Schema: public; Owner: postgres
--

CREATE SEQUENCE public.bank_income_id_seq
    AS integer
    START WITH 1
    INCREMENT BY 1
    NO MINVALUE
    NO MAXVALUE
    CACHE 1;


ALTER TABLE public.bank_income_id_seq OWNER TO postgres;

--
-- Name: bank_income_id_seq; Type: SEQUENCE OWNED BY; Schema: public; Owner: postgres
--

ALTER SEQUENCE public.bank_income_id_seq OWNED BY public.bank_income.id;


--
-- Name: bank_recept; Type: TABLE; Schema: public; Owner: postgres
--

CREATE TABLE public.bank_recept (
    id integer NOT NULL,
    ddate date,
    summ integer,
    client integer
);


ALTER TABLE public.bank_recept OWNER TO postgres;

--
-- Name: bank_recept_id_seq; Type: SEQUENCE; Schema: public; Owner: postgres
--

CREATE SEQUENCE public.bank_recept_id_seq
    AS integer
    START WITH 1
    INCREMENT BY 1
    NO MINVALUE
    NO MAXVALUE
    CACHE 1;


ALTER TABLE public.bank_recept_id_seq OWNER TO postgres;

--
-- Name: bank_recept_id_seq; Type: SEQUENCE OWNED BY; Schema: public; Owner: postgres
--

ALTER SEQUENCE public.bank_recept_id_seq OWNED BY public.bank_recept.id;


--
-- Name: cassa_income; Type: TABLE; Schema: public; Owner: postgres
--

CREATE TABLE public.cassa_income (
    id integer NOT NULL,
    ddate date,
    summ integer,
    client integer
);


ALTER TABLE public.cassa_income OWNER TO postgres;

--
-- Name: cassa_income_id_seq; Type: SEQUENCE; Schema: public; Owner: postgres
--

CREATE SEQUENCE public.cassa_income_id_seq
    AS integer
    START WITH 1
    INCREMENT BY 1
    NO MINVALUE
    NO MAXVALUE
    CACHE 1;


ALTER TABLE public.cassa_income_id_seq OWNER TO postgres;

--
-- Name: cassa_income_id_seq; Type: SEQUENCE OWNED BY; Schema: public; Owner: postgres
--

ALTER SEQUENCE public.cassa_income_id_seq OWNED BY public.cassa_income.id;


--
-- Name: cassa_recept; Type: TABLE; Schema: public; Owner: postgres
--

CREATE TABLE public.cassa_recept (
    id integer NOT NULL,
    ddate date,
    summ integer,
    client integer
);


ALTER TABLE public.cassa_recept OWNER TO postgres;

--
-- Name: cassa_recept_id_seq; Type: SEQUENCE; Schema: public; Owner: postgres
--

CREATE SEQUENCE public.cassa_recept_id_seq
    AS integer
    START WITH 1
    INCREMENT BY 1
    NO MINVALUE
    NO MAXVALUE
    CACHE 1;


ALTER TABLE public.cassa_recept_id_seq OWNER TO postgres;

--
-- Name: cassa_recept_id_seq; Type: SEQUENCE OWNED BY; Schema: public; Owner: postgres
--

ALTER SEQUENCE public.cassa_recept_id_seq OWNED BY public.cassa_recept.id;


--
-- Name: city; Type: TABLE; Schema: public; Owner: postgres
--

CREATE TABLE public.city (
    id integer NOT NULL,
    name text,
    region integer
);


ALTER TABLE public.city OWNER TO postgres;

--
-- Name: city_id_seq; Type: SEQUENCE; Schema: public; Owner: postgres
--

CREATE SEQUENCE public.city_id_seq
    AS integer
    START WITH 1
    INCREMENT BY 1
    NO MINVALUE
    NO MAXVALUE
    CACHE 1;


ALTER TABLE public.city_id_seq OWNER TO postgres;

--
-- Name: city_id_seq; Type: SEQUENCE OWNED BY; Schema: public; Owner: postgres
--

ALTER SEQUENCE public.city_id_seq OWNED BY public.city.id;


--
-- Name: client; Type: TABLE; Schema: public; Owner: postgres
--

CREATE TABLE public.client (
    id integer NOT NULL,
    name text,
    address text,
    city integer
);


ALTER TABLE public.client OWNER TO postgres;

--
-- Name: client_id_seq; Type: SEQUENCE; Schema: public; Owner: postgres
--

CREATE SEQUENCE public.client_id_seq
    AS integer
    START WITH 1
    INCREMENT BY 1
    NO MINVALUE
    NO MAXVALUE
    CACHE 1;


ALTER TABLE public.client_id_seq OWNER TO postgres;

--
-- Name: client_id_seq; Type: SEQUENCE OWNED BY; Schema: public; Owner: postgres
--

ALTER SEQUENCE public.client_id_seq OWNED BY public.client.id;


--
-- Name: goods; Type: TABLE; Schema: public; Owner: postgres
--

CREATE TABLE public.goods (
    id integer NOT NULL,
    g_group integer,
    name text,
    weight numeric(18,4),
    length numeric(18,4),
    height numeric(18,4),
    width numeric(18,4)
);


ALTER TABLE public.goods OWNER TO postgres;

--
-- Name: goods_groups; Type: TABLE; Schema: public; Owner: postgres
--

CREATE TABLE public.goods_groups (
    id integer NOT NULL,
    name text,
    parent integer
);


ALTER TABLE public.goods_groups OWNER TO postgres;

--
-- Name: goods_groups_id_seq; Type: SEQUENCE; Schema: public; Owner: postgres
--

CREATE SEQUENCE public.goods_groups_id_seq
    AS integer
    START WITH 1
    INCREMENT BY 1
    NO MINVALUE
    NO MAXVALUE
    CACHE 1;


ALTER TABLE public.goods_groups_id_seq OWNER TO postgres;

--
-- Name: goods_groups_id_seq; Type: SEQUENCE OWNED BY; Schema: public; Owner: postgres
--

ALTER SEQUENCE public.goods_groups_id_seq OWNED BY public.goods_groups.id;


--
-- Name: goods_id_seq; Type: SEQUENCE; Schema: public; Owner: postgres
--

CREATE SEQUENCE public.goods_id_seq
    AS integer
    START WITH 1
    INCREMENT BY 1
    NO MINVALUE
    NO MAXVALUE
    CACHE 1;


ALTER TABLE public.goods_id_seq OWNER TO postgres;

--
-- Name: goods_id_seq; Type: SEQUENCE OWNED BY; Schema: public; Owner: postgres
--

ALTER SEQUENCE public.goods_id_seq OWNED BY public.goods.id;


--
-- Name: incgoods; Type: TABLE; Schema: public; Owner: postgres
--

CREATE TABLE public.incgoods (
    id integer NOT NULL,
    subid integer NOT NULL,
    goods integer,
    volume integer,
    price numeric(18,4)
);


ALTER TABLE public.incgoods OWNER TO postgres;

--
-- Name: income; Type: TABLE; Schema: public; Owner: postgres
--

CREATE TABLE public.income (
    id integer NOT NULL,
    ddate date,
    ndoc integer,
    client integer,
    storage integer
);


ALTER TABLE public.income OWNER TO postgres;

--
-- Name: income_id_seq; Type: SEQUENCE; Schema: public; Owner: postgres
--

CREATE SEQUENCE public.income_id_seq
    AS integer
    START WITH 1
    INCREMENT BY 1
    NO MINVALUE
    NO MAXVALUE
    CACHE 1;


ALTER TABLE public.income_id_seq OWNER TO postgres;

--
-- Name: income_id_seq; Type: SEQUENCE OWNED BY; Schema: public; Owner: postgres
--

ALTER SEQUENCE public.income_id_seq OWNED BY public.income.id;


--
-- Name: prediction; Type: TABLE; Schema: public; Owner: postgres
--

CREATE TABLE public.prediction (
    index bigint,
    client bigint,
    goods bigint,
    date date,
    sum double precision,
    prediction double precision
);


ALTER TABLE public.prediction OWNER TO postgres;

--
-- Name: recept; Type: TABLE; Schema: public; Owner: postgres
--

CREATE TABLE public.recept (
    id integer NOT NULL,
    ddate date,
    ndoc integer,
    client integer,
    storage integer
);


ALTER TABLE public.recept OWNER TO postgres;

--
-- Name: recept_id_seq; Type: SEQUENCE; Schema: public; Owner: postgres
--

CREATE SEQUENCE public.recept_id_seq
    AS integer
    START WITH 1
    INCREMENT BY 1
    NO MINVALUE
    NO MAXVALUE
    CACHE 1;


ALTER TABLE public.recept_id_seq OWNER TO postgres;

--
-- Name: recept_id_seq; Type: SEQUENCE OWNED BY; Schema: public; Owner: postgres
--

ALTER SEQUENCE public.recept_id_seq OWNED BY public.recept.id;


--
-- Name: recgoods; Type: TABLE; Schema: public; Owner: postgres
--

CREATE TABLE public.recgoods (
    id integer NOT NULL,
    subid integer NOT NULL,
    goods integer,
    volume integer,
    price numeric(18,4)
);


ALTER TABLE public.recgoods OWNER TO postgres;

--
-- Name: region; Type: TABLE; Schema: public; Owner: postgres
--

CREATE TABLE public.region (
    id integer NOT NULL,
    name text
);


ALTER TABLE public.region OWNER TO postgres;

--
-- Name: region_id_seq; Type: SEQUENCE; Schema: public; Owner: postgres
--

CREATE SEQUENCE public.region_id_seq
    AS integer
    START WITH 1
    INCREMENT BY 1
    NO MINVALUE
    NO MAXVALUE
    CACHE 1;


ALTER TABLE public.region_id_seq OWNER TO postgres;

--
-- Name: region_id_seq; Type: SEQUENCE OWNED BY; Schema: public; Owner: postgres
--

ALTER SEQUENCE public.region_id_seq OWNED BY public.region.id;


--
-- Name: storage; Type: TABLE; Schema: public; Owner: postgres
--

CREATE TABLE public.storage (
    id integer NOT NULL,
    name text
);


ALTER TABLE public.storage OWNER TO postgres;

--
-- Name: storage_id_seq; Type: SEQUENCE; Schema: public; Owner: postgres
--

CREATE SEQUENCE public.storage_id_seq
    AS integer
    START WITH 1
    INCREMENT BY 1
    NO MINVALUE
    NO MAXVALUE
    CACHE 1;


ALTER TABLE public.storage_id_seq OWNER TO postgres;

--
-- Name: storage_id_seq; Type: SEQUENCE OWNED BY; Schema: public; Owner: postgres
--

ALTER SEQUENCE public.storage_id_seq OWNED BY public.storage.id;


--
-- Name: bank_income id; Type: DEFAULT; Schema: public; Owner: postgres
--

ALTER TABLE ONLY public.bank_income ALTER COLUMN id SET DEFAULT nextval('public.bank_income_id_seq'::regclass);


--
-- Name: bank_recept id; Type: DEFAULT; Schema: public; Owner: postgres
--

ALTER TABLE ONLY public.bank_recept ALTER COLUMN id SET DEFAULT nextval('public.bank_recept_id_seq'::regclass);


--
-- Name: cassa_income id; Type: DEFAULT; Schema: public; Owner: postgres
--

ALTER TABLE ONLY public.cassa_income ALTER COLUMN id SET DEFAULT nextval('public.cassa_income_id_seq'::regclass);


--
-- Name: cassa_recept id; Type: DEFAULT; Schema: public; Owner: postgres
--

ALTER TABLE ONLY public.cassa_recept ALTER COLUMN id SET DEFAULT nextval('public.cassa_recept_id_seq'::regclass);


--
-- Name: city id; Type: DEFAULT; Schema: public; Owner: postgres
--

ALTER TABLE ONLY public.city ALTER COLUMN id SET DEFAULT nextval('public.city_id_seq'::regclass);


--
-- Name: client id; Type: DEFAULT; Schema: public; Owner: postgres
--

ALTER TABLE ONLY public.client ALTER COLUMN id SET DEFAULT nextval('public.client_id_seq'::regclass);


--
-- Name: goods id; Type: DEFAULT; Schema: public; Owner: postgres
--

ALTER TABLE ONLY public.goods ALTER COLUMN id SET DEFAULT nextval('public.goods_id_seq'::regclass);


--
-- Name: goods_groups id; Type: DEFAULT; Schema: public; Owner: postgres
--

ALTER TABLE ONLY public.goods_groups ALTER COLUMN id SET DEFAULT nextval('public.goods_groups_id_seq'::regclass);


--
-- Name: income id; Type: DEFAULT; Schema: public; Owner: postgres
--

ALTER TABLE ONLY public.income ALTER COLUMN id SET DEFAULT nextval('public.income_id_seq'::regclass);


--
-- Name: recept id; Type: DEFAULT; Schema: public; Owner: postgres
--

ALTER TABLE ONLY public.recept ALTER COLUMN id SET DEFAULT nextval('public.recept_id_seq'::regclass);


--
-- Name: region id; Type: DEFAULT; Schema: public; Owner: postgres
--

ALTER TABLE ONLY public.region ALTER COLUMN id SET DEFAULT nextval('public.region_id_seq'::regclass);


--
-- Name: storage id; Type: DEFAULT; Schema: public; Owner: postgres
--

ALTER TABLE ONLY public.storage ALTER COLUMN id SET DEFAULT nextval('public.storage_id_seq'::regclass);


--
-- Data for Name: bank_income; Type: TABLE DATA; Schema: public; Owner: postgres
--

COPY public.bank_income (id, ddate, summ, client) FROM stdin;
1	2020-01-01	449480	54
2	2020-01-01	199155	24
3	2020-01-01	52547	13
4	2020-01-01	86513	55
5	2020-01-01	123240	3
6	2020-01-03	29628	37
7	2020-01-03	338979	99
8	2020-01-03	525177	47
9	2020-01-03	486338	67
10	2020-01-03	52751	78
11	2020-01-03	6965	25
12	2020-01-05	80136	3
13	2020-01-05	1776	85
14	2020-01-05	22512	98
15	2020-01-05	355284	28
16	2020-01-09	210984	93
17	2020-01-09	434812	43
18	2020-01-09	236304	20
19	2020-01-09	212436	29
20	2020-01-11	67824	47
21	2020-01-11	12042	42
22	2020-01-11	3682	77
23	2020-01-11	206800	91
24	2020-01-11	101088	90
25	2020-01-11	299046	61
26	2020-01-11	141056	77
27	2020-01-11	245708	70
28	2020-01-13	465500	95
29	2020-01-13	97680	33
30	2020-01-13	267399	10
31	2020-01-13	97470	87
32	2020-01-15	155854	87
33	2020-01-15	51362	92
34	2020-01-15	344472	55
35	2020-01-15	165228	36
36	2020-01-15	236138	47
37	2020-01-15	218808	15
38	2020-01-15	15686	76
39	2020-01-15	312200	67
40	2020-01-15	312700	19
41	2020-01-15	331383	72
42	2020-01-15	143418	35
43	2020-01-15	662178	91
44	2020-01-17	29264	91
45	2020-01-17	258116	97
46	2020-01-17	113925	24
47	2020-01-17	61912	98
48	2020-01-17	548418	19
49	2020-01-19	25416	25
50	2020-01-19	240784	93
51	2020-01-19	62160	11
52	2020-01-21	512256	22
53	2020-01-21	92020	12
54	2020-01-21	618490	8
55	2020-01-21	172123	64
56	2020-01-21	459060	35
57	2020-01-21	260166	21
58	2020-01-21	572046	77
59	2020-01-21	578496	89
60	2020-01-21	4440	49
61	2020-01-23	190076	82
62	2020-01-23	4832	36
63	2020-01-23	222984	42
64	2020-01-23	140532	42
65	2020-01-23	250560	92
66	2020-01-23	536130	34
67	2020-01-25	53172	56
68	2020-01-25	30076	44
69	2020-01-25	81696	30
70	2020-01-25	2196	94
71	2020-01-25	964	17
72	2020-01-25	327327	88
73	2020-01-25	66352	18
74	2020-01-25	112970	2
75	2020-01-25	442532	73
76	2020-01-25	243344	99
77	2020-01-27	3796	1
78	2020-01-27	272061	85
79	2020-01-29	297560	14
80	2020-01-29	68148	85
81	2020-01-29	153114	23
82	2020-01-29	669536	81
83	2020-01-29	228038	66
84	2020-01-29	143752	79
85	2020-01-31	409679	62
86	2020-01-31	308220	40
87	2020-01-31	122130	49
88	2020-01-31	428139	66
89	2020-02-02	238392	77
90	2020-02-02	4508	44
91	2020-02-02	20100	9
92	2020-02-04	241344	50
93	2020-02-04	632016	47
94	2020-02-06	190944	6
95	2020-02-06	3402	55
96	2020-02-06	523944	92
97	2020-02-06	2844	83
98	2020-02-06	22204	24
99	2020-02-06	101404	59
100	2020-02-06	395304	17
101	2020-02-08	398808	60
102	2020-02-08	365940	90
103	2020-02-08	73861	95
104	2020-02-08	247404	3
105	2020-02-08	159774	93
106	2020-02-10	164724	8
107	2020-02-10	68880	24
108	2020-02-10	8540	7
109	2020-02-10	323870	89
110	2020-02-10	105072	23
111	2020-02-12	49005	49
112	2020-02-12	132048	57
113	2020-02-12	305046	2
114	2020-02-12	32072	4
115	2020-02-14	158250	72
116	2020-02-14	173227	83
117	2020-02-14	129986	62
118	2020-02-14	265408	87
119	2020-02-14	28148	71
120	2020-02-16	483350	60
121	2020-02-16	75735	31
122	2020-02-16	199100	94
123	2020-02-16	148284	14
124	2020-02-18	311710	90
125	2020-02-18	400890	56
126	2020-02-18	138402	12
127	2020-02-18	2507	19
128	2020-02-18	136710	74
129	2020-02-18	278712	45
130	2020-02-20	89490	86
131	2020-02-20	1727	84
132	2020-02-22	136211	32
133	2020-02-22	149544	15
134	2020-02-22	595	42
135	2020-02-22	281386	59
136	2020-02-22	220064	50
137	2020-02-22	105165	73
138	2020-02-24	71500	9
139	2020-02-24	44142	31
140	2020-02-24	429792	68
141	2020-02-24	423152	99
142	2020-02-24	146280	23
143	2020-02-26	26355	53
144	2020-02-26	147360	72
145	2020-02-26	565309	8
146	2020-02-26	44599	2
147	2020-02-26	141480	9
148	2020-02-26	137286	26
149	2020-02-28	64791	16
150	2020-02-28	116034	1
151	2020-02-28	580800	1
152	2020-02-28	571128	92
153	2020-02-28	6804	47
154	2020-03-01	97704	5
155	2020-03-01	235417	69
156	2020-03-01	89090	43
157	2020-03-01	241605	86
158	2020-03-03	167862	78
159	2020-03-03	11232	11
160	2020-03-03	46748	89
161	2020-03-05	209537	96
162	2020-03-05	95817	77
163	2020-03-05	310800	67
164	2020-03-05	129352	53
165	2020-03-07	65940	49
166	2020-03-07	168360	31
167	2020-03-07	577728	13
168	2020-03-07	146400	78
169	2020-03-07	173075	65
170	2020-03-09	508071	3
171	2020-03-09	236964	78
172	2020-03-09	306666	82
173	2020-03-11	305500	28
174	2020-03-11	336110	80
175	2020-03-11	1368	100
176	2020-03-11	112778	84
177	2020-03-11	116156	24
178	2020-03-11	11049	44
179	2020-03-13	48576	33
180	2020-03-13	508875	59
181	2020-03-13	155541	51
182	2020-03-13	139392	10
183	2020-03-13	90890	57
184	2020-03-13	163830	23
185	2020-03-13	507636	6
186	2020-03-13	203862	74
187	2020-03-13	217035	70
188	2020-03-15	260910	94
189	2020-03-15	174254	59
190	2020-03-15	10692	25
191	2020-03-15	302760	46
192	2020-03-17	124100	73
193	2020-03-17	72712	35
194	2020-03-17	252168	65
195	2020-03-17	130339	75
196	2020-03-19	234360	81
197	2020-03-19	21620	85
198	2020-03-19	233018	69
199	2020-03-19	239436	59
200	2020-03-19	33394	74
201	2020-03-19	168783	51
202	2020-03-19	105576	16
203	2020-03-21	6815	33
204	2020-03-21	65296	46
205	2020-03-21	240900	78
206	2020-03-21	11637	58
207	2020-03-21	6825	52
208	2020-03-21	385259	9
209	2020-03-21	129456	32
210	2020-03-23	444906	65
211	2020-03-23	472420	68
212	2020-03-23	205744	93
213	2020-03-23	28530	28
214	2020-03-23	192995	18
215	2020-03-23	111111	27
216	2020-03-23	69440	60
217	2020-03-23	7785	52
218	2020-03-23	15488	77
219	2020-03-23	560302	53
220	2020-03-23	391155	79
221	2020-03-25	80373	62
222	2020-03-25	100299	95
223	2020-03-25	160160	97
224	2020-03-25	185484	71
225	2020-03-25	26195	34
226	2020-03-25	1708	32
227	2020-03-27	496272	96
228	2020-03-29	198396	67
229	2020-03-31	76800	77
230	2020-03-31	211627	100
231	2020-03-31	10080	8
232	2020-03-31	275796	71
233	2020-04-02	168149	56
234	2020-04-02	532542	93
235	2020-04-02	41800	39
236	2020-04-02	154242	76
237	2020-04-02	547865	70
238	2020-04-02	282680	37
239	2020-04-02	271500	70
240	2020-04-02	389648	35
241	2020-04-02	85800	55
242	2020-04-02	362208	45
243	2020-04-02	48521	51
244	2020-04-04	411174	76
245	2020-04-04	167424	27
246	2020-04-04	659	70
247	2020-04-04	217248	26
248	2020-04-04	336384	95
249	2020-04-04	183414	84
250	2020-04-04	553774	27
251	2020-04-06	63063	70
252	2020-04-06	6678	16
253	2020-04-06	25604	38
254	2020-04-06	152272	12
255	2020-04-06	82824	92
256	2020-04-08	298880	21
257	2020-04-08	157035	48
258	2020-04-08	144212	77
259	2020-04-10	60729	73
260	2020-04-10	4108	57
261	2020-04-12	193884	41
262	2020-04-12	33050	40
263	2020-04-12	25201	13
264	2020-04-12	164171	13
265	2020-04-14	267540	42
266	2020-04-14	293410	1
267	2020-04-14	21470	96
268	2020-04-14	3626	10
269	2020-04-14	274536	28
270	2020-04-14	9516	47
271	2020-04-14	69864	56
272	2020-04-14	223938	42
273	2020-04-14	218399	17
274	2020-04-14	341678	84
275	2020-04-16	188916	9
276	2020-04-16	37840	41
277	2020-04-16	212895	18
278	2020-04-18	46754	73
279	2020-04-18	288314	76
280	2020-04-18	6534	6
281	2020-04-20	273286	48
282	2020-04-20	480732	6
283	2020-04-20	181068	59
284	2020-04-20	44856	82
285	2020-04-20	68970	98
286	2020-04-20	9910	52
287	2020-04-22	213218	51
288	2020-04-22	70635	60
289	2020-04-22	268450	21
290	2020-04-22	1164	24
291	2020-04-22	136705	30
292	2020-04-22	55537	47
293	2020-04-22	522900	60
294	2020-04-24	230028	46
295	2020-04-24	66933	70
296	2020-04-24	19642	91
297	2020-04-24	43709	41
298	2020-04-24	11610	91
299	2020-04-26	309816	69
300	2020-04-26	26532	89
301	2020-04-26	179088	14
302	2020-04-26	194916	40
303	2020-04-26	495954	87
304	2020-04-28	125695	91
305	2020-04-28	8056	100
306	2020-04-28	134113	23
307	2020-04-28	252306	26
308	2020-04-28	26390	8
309	2020-04-30	246975	60
310	2020-04-30	162214	26
311	2020-04-30	42966	3
312	2020-04-30	221680	44
313	2020-04-30	469640	78
314	2020-04-30	128270	27
315	2020-04-30	26225	79
316	2020-04-30	380016	82
317	2020-04-30	257238	4
318	2020-04-30	227205	74
319	2020-04-30	415150	29
320	2020-05-02	27993	93
321	2020-05-02	254603	81
322	2020-05-02	10400	2
323	2020-05-02	297402	58
324	2020-05-02	13056	22
325	2020-05-02	67020	81
326	2020-05-02	252500	8
327	2020-05-02	446760	87
328	2020-05-02	139840	36
329	2020-05-04	29128	1
330	2020-05-04	67716	99
331	2020-05-04	156156	74
332	2020-05-06	226754	90
333	2020-05-06	156625	93
334	2020-05-06	1638	91
335	2020-05-06	55230	74
336	2020-05-10	44200	72
337	2020-05-10	456038	68
338	2020-05-10	427950	100
339	2020-05-10	277866	86
340	2020-05-10	25480	89
341	2020-05-10	262132	67
342	2020-05-10	402687	72
343	2020-05-10	571350	87
344	2020-05-12	89304	57
345	2020-05-12	173250	55
346	2020-05-12	34848	28
347	2020-05-12	534435	65
348	2020-05-12	171839	29
349	2020-05-12	51816	93
350	2020-05-12	112488	30
351	2020-05-12	122598	74
352	2020-05-14	306940	67
353	2020-05-14	49933	91
354	2020-05-14	613893	5
355	2020-05-14	199296	31
356	2020-05-14	246126	60
357	2020-05-14	147	77
358	2020-05-14	679684	48
359	2020-05-14	114192	91
360	2020-05-16	131070	35
361	2020-05-16	291984	48
362	2020-05-16	146718	53
363	2020-05-16	208403	10
364	2020-05-16	10272	21
365	2020-05-16	309816	63
366	2020-05-16	587552	7
367	2020-05-16	265776	4
368	2020-05-18	490044	2
369	2020-05-18	381920	23
370	2020-05-18	62792	15
371	2020-05-22	7704	26
372	2020-05-22	160360	9
373	2020-05-22	112566	44
374	2020-05-22	46176	74
375	2020-05-22	179088	59
376	2020-05-22	82340	56
377	2020-05-24	56628	89
378	2020-05-24	145580	99
379	2020-05-24	509080	47
380	2020-05-24	46669	98
381	2020-05-24	305539	41
382	2020-05-24	180823	6
383	2020-05-26	89936	68
384	2020-05-26	27324	32
385	2020-05-26	238560	75
386	2020-05-26	43851	20
387	2020-05-26	394120	57
388	2020-05-26	127452	66
389	2020-05-26	4656	1
390	2020-05-28	48543	39
391	2020-05-28	24684	53
392	2020-05-28	669010	27
393	2020-05-28	115170	37
394	2020-05-28	26160	54
395	2020-05-28	643297	63
396	2020-05-28	118656	18
397	2020-05-30	61488	22
398	2020-05-30	277200	1
399	2020-05-30	97722	88
400	2020-05-30	18200	42
401	2020-05-30	66975	71
402	2020-05-30	418392	72
403	2020-05-30	61875	20
404	2020-06-01	61464	72
405	2020-06-01	325314	21
406	2020-06-01	111573	64
407	2020-06-01	387660	72
408	2020-06-03	15422	26
409	2020-06-03	67564	93
410	2020-06-03	297192	30
411	2020-06-03	122972	23
412	2020-06-03	126581	16
413	2020-06-05	24440	61
414	2020-06-05	13662	3
415	2020-06-05	170395	64
416	2020-06-05	27876	85
417	2020-06-07	114444	72
418	2020-06-07	8178	66
419	2020-06-07	134160	69
420	2020-06-07	165510	33
421	2020-06-07	207001	77
422	2020-06-07	102200	10
423	2020-06-09	16065	5
424	2020-06-09	380833	15
425	2020-06-09	460265	21
426	2020-06-09	512758	93
427	2020-06-09	162281	37
428	2020-06-09	33088	26
429	2020-06-09	311202	84
430	2020-06-11	294168	89
431	2020-06-11	195454	48
432	2020-06-11	120750	6
433	2020-06-11	217927	82
434	2020-06-11	159399	20
435	2020-06-13	8010	73
436	2020-06-13	116185	55
437	2020-06-13	33642	15
438	2020-06-13	555403	4
439	2020-06-13	4472	80
440	2020-06-13	277508	50
441	2020-06-13	90860	93
442	2020-06-15	288723	26
443	2020-06-15	277095	25
444	2020-06-15	391645	88
445	2020-06-17	57057	68
446	2020-06-17	125906	100
447	2020-06-17	162285	62
448	2020-06-17	49104	35
449	2020-06-19	159408	6
450	2020-06-19	408852	56
451	2020-06-19	26676	33
452	2020-06-19	256056	40
453	2020-06-19	2717	16
454	2020-06-21	94780	10
455	2020-06-21	6800	82
456	2020-06-21	259112	17
457	2020-06-23	249999	51
458	2020-06-23	197600	17
459	2020-06-23	41370	95
460	2020-06-23	164418	22
461	2020-06-23	177120	28
462	2020-06-23	192970	97
463	2020-06-23	143633	20
464	2020-06-25	32384	58
465	2020-06-25	177118	64
466	2020-06-25	614400	21
467	2020-06-25	442129	7
468	2020-06-25	122388	29
469	2020-06-27	525483	69
470	2020-06-27	70652	46
471	2020-06-27	297312	12
472	2020-06-27	104972	17
473	2020-06-27	27027	7
474	2020-06-29	378417	87
475	2020-06-29	190864	19
476	2020-06-29	39900	59
477	2020-06-29	62478	1
478	2020-06-29	271200	47
479	2020-06-29	367630	44
480	2020-06-29	45696	28
481	2020-07-01	230808	92
482	2020-07-01	138938	15
483	2020-07-01	30318	63
484	2020-07-03	292733	56
485	2020-07-03	141075	88
486	2020-07-03	18200	4
487	2020-07-03	450450	51
488	2020-07-03	415668	41
489	2020-07-05	142824	30
490	2020-07-05	138780	70
491	2020-07-05	359722	2
492	2020-07-05	38472	33
493	2020-07-05	86480	89
494	2020-07-05	264640	49
495	2020-07-05	317420	90
496	2020-07-05	269862	100
497	2020-07-05	189525	39
498	2020-07-07	62491	58
499	2020-07-07	656604	6
500	2020-07-07	274660	63
\.


--
-- Data for Name: bank_recept; Type: TABLE DATA; Schema: public; Owner: postgres
--

COPY public.bank_recept (id, ddate, summ, client) FROM stdin;
1	2020-01-01	11880	4
2	2020-01-01	109586	69
3	2020-01-01	222111	83
4	2020-01-01	517055	77
5	2020-01-02	7714	65
6	2020-01-02	143416	90
7	2020-01-02	117391	96
8	2020-01-03	255300	43
9	2020-01-03	384552	48
10	2020-01-04	80560	78
11	2020-01-04	427335	47
12	2020-01-04	232706	54
13	2020-01-04	496860	66
14	2020-01-05	252588	95
15	2020-01-05	405920	18
16	2020-01-05	190520	5
17	2020-01-05	71208	80
18	2020-01-06	474509	92
19	2020-01-06	26112	12
20	2020-01-06	11050	34
21	2020-01-07	542328	51
22	2020-01-07	114675	47
23	2020-01-07	256900	30
24	2020-01-07	352469	95
25	2020-01-08	59214	71
26	2020-01-08	9420	78
27	2020-01-08	50343	42
28	2020-01-08	183457	12
29	2020-01-08	121835	73
30	2020-01-09	216750	75
31	2020-01-09	19747	90
32	2020-01-09	209150	69
33	2020-01-10	319634	92
34	2020-01-11	22428	83
35	2020-01-11	144450	23
36	2020-01-11	416100	66
37	2020-01-12	1930	49
38	2020-01-12	2937	29
39	2020-01-12	649579	43
40	2020-01-12	347536	1
41	2020-01-13	141148	63
42	2020-01-13	47205	12
43	2020-01-13	123986	97
44	2020-01-13	120768	96
45	2020-01-13	9000	79
46	2020-01-14	7944	4
47	2020-01-15	14432	78
48	2020-01-15	536346	33
49	2020-01-15	22356	93
50	2020-01-15	51134	35
51	2020-01-15	241776	99
52	2020-01-16	258804	33
53	2020-01-16	4947	23
54	2020-01-16	576436	60
55	2020-01-16	4867	77
56	2020-01-17	28080	35
57	2020-01-17	45621	3
58	2020-01-17	20181	35
59	2020-01-17	397320	96
60	2020-01-18	274701	90
61	2020-01-19	4402	8
62	2020-01-19	82446	83
63	2020-01-19	486200	67
64	2020-01-19	94395	47
65	2020-01-20	10678	81
66	2020-01-21	4354	84
67	2020-01-21	355410	60
68	2020-01-21	156078	3
69	2020-01-22	90522	27
70	2020-01-22	78888	44
71	2020-01-22	5244	95
72	2020-01-22	316540	31
73	2020-01-22	19872	33
74	2020-01-23	14868	87
75	2020-01-23	97909	70
76	2020-01-23	73793	33
77	2020-01-24	140712	51
78	2020-01-24	43239	57
79	2020-01-24	596475	52
80	2020-01-25	68241	83
81	2020-01-26	27348	85
82	2020-01-26	27166	100
83	2020-01-27	221046	80
84	2020-01-27	365500	87
85	2020-01-27	415800	77
86	2020-01-27	5754	40
87	2020-01-28	187950	61
88	2020-01-28	2460	60
89	2020-01-28	293220	49
90	2020-01-28	115304	64
91	2020-01-29	208656	5
92	2020-01-29	188715	5
93	2020-01-29	589589	30
94	2020-01-30	2596	30
95	2020-01-30	197492	75
96	2020-01-31	144000	41
97	2020-01-31	164736	79
98	2020-02-01	109536	56
99	2020-02-01	172699	91
100	2020-02-01	348978	90
101	2020-02-02	60155	39
102	2020-02-02	20592	53
103	2020-02-03	490770	31
104	2020-02-04	10488	10
105	2020-02-04	84730	84
106	2020-02-04	169440	32
107	2020-02-04	69560	54
108	2020-02-06	11770	43
109	2020-02-06	378088	22
110	2020-02-06	6504	66
111	2020-02-07	57359	45
112	2020-02-08	265136	95
113	2020-02-09	494680	68
114	2020-02-09	185300	1
115	2020-02-10	30227	68
116	2020-02-10	39403	5
117	2020-02-10	219960	79
118	2020-02-10	100512	20
119	2020-02-12	1980	8
120	2020-02-12	243704	11
121	2020-02-12	59650	63
122	2020-02-13	181148	41
123	2020-02-13	185680	76
124	2020-02-14	282256	42
125	2020-02-15	522732	53
126	2020-02-15	60372	21
127	2020-02-15	226244	3
128	2020-02-15	158804	51
129	2020-02-16	221052	46
130	2020-02-17	283140	84
131	2020-02-17	549051	77
132	2020-02-18	283020	51
133	2020-02-18	42012	96
134	2020-02-19	169360	22
135	2020-02-19	36354	68
136	2020-02-19	480816	87
137	2020-02-20	42192	58
138	2020-02-21	325206	41
139	2020-02-22	9843	14
140	2020-02-23	146080	14
141	2020-02-23	16168	7
142	2020-02-23	115101	35
143	2020-02-23	303600	93
144	2020-02-24	206125	9
145	2020-02-24	237925	6
146	2020-02-24	456192	73
147	2020-02-24	396447	84
148	2020-02-25	117648	64
149	2020-02-25	398132	92
150	2020-02-25	85974	78
151	2020-02-25	30340	60
152	2020-02-25	426000	61
153	2020-02-26	41975	51
154	2020-02-26	265350	63
155	2020-02-27	123120	57
156	2020-02-27	336984	9
157	2020-02-28	21216	100
158	2020-02-28	502400	16
159	2020-02-28	362112	75
160	2020-02-29	251806	36
161	2020-02-29	129712	74
162	2020-02-29	221760	57
163	2020-02-29	296834	68
164	2020-02-29	224853	83
165	2020-02-29	145184	8
166	2020-02-29	285817	80
167	2020-03-01	353771	79
168	2020-03-01	409488	71
169	2020-03-01	42828	58
170	2020-03-01	338256	55
171	2020-03-01	411257	33
172	2020-03-01	150912	27
173	2020-03-02	3510	59
174	2020-03-02	88960	55
175	2020-03-02	76790	32
176	2020-03-02	163978	3
177	2020-03-03	79344	15
178	2020-03-03	34725	85
179	2020-03-04	212568	62
180	2020-03-04	249444	69
181	2020-03-04	16660	75
182	2020-03-05	190230	65
183	2020-03-06	20488	94
184	2020-03-06	263544	7
185	2020-03-06	38214	96
186	2020-03-06	184094	89
187	2020-03-06	54	79
188	2020-03-06	37184	28
189	2020-03-06	107476	55
190	2020-03-07	88320	66
191	2020-03-07	526350	59
192	2020-03-07	12376	34
193	2020-03-07	39006	47
194	2020-03-09	50292	80
195	2020-03-09	43099	19
196	2020-03-09	269328	86
197	2020-03-09	496799	94
198	2020-03-10	127723	55
199	2020-03-10	140250	26
200	2020-03-10	96320	96
201	2020-03-10	544308	65
202	2020-03-10	514605	14
203	2020-03-10	105280	81
204	2020-03-11	239083	11
205	2020-03-11	51912	32
206	2020-03-12	358494	93
207	2020-03-12	5664	43
208	2020-03-12	342470	1
209	2020-03-12	511560	29
210	2020-03-13	163072	5
211	2020-03-13	233495	79
212	2020-03-13	69713	45
213	2020-03-14	14790	78
214	2020-03-14	70700	54
215	2020-03-14	15113	65
216	2020-03-15	29900	99
217	2020-03-16	12730	77
218	2020-03-17	463150	3
219	2020-03-18	92575	35
220	2020-03-18	641130	47
221	2020-03-19	671346	98
222	2020-03-19	35040	45
223	2020-03-19	338675	100
224	2020-03-20	181480	92
225	2020-03-21	40960	59
226	2020-03-22	202800	59
227	2020-03-22	12370	60
228	2020-03-24	269003	87
229	2020-03-24	259089	34
230	2020-03-24	57129	43
231	2020-03-24	86616	33
232	2020-03-24	216580	28
233	2020-03-25	185002	33
234	2020-03-25	257040	50
235	2020-03-26	383320	15
236	2020-03-26	126874	50
237	2020-03-26	223132	66
238	2020-03-27	629349	52
239	2020-03-27	29574	99
240	2020-03-27	374420	9
241	2020-03-27	279070	64
242	2020-03-27	50298	68
243	2020-03-27	174699	5
244	2020-03-28	659908	8
245	2020-03-28	111720	72
246	2020-03-29	139520	92
247	2020-03-29	1485	2
248	2020-03-30	387996	38
249	2020-04-01	215472	93
250	2020-04-01	44148	34
251	2020-04-01	162975	49
252	2020-04-02	3700	46
253	2020-04-02	26611	33
254	2020-04-03	240540	31
255	2020-04-03	112176	65
256	2020-04-04	252625	18
257	2020-04-04	44700	11
258	2020-04-04	439722	30
259	2020-04-04	146289	54
260	2020-04-06	187008	80
261	2020-04-06	186050	15
262	2020-04-06	131076	78
263	2020-04-07	17170	28
264	2020-04-07	171544	31
265	2020-04-08	19068	84
266	2020-04-08	374744	21
267	2020-04-08	31104	98
268	2020-04-09	269864	72
269	2020-04-09	131010	98
270	2020-04-09	2148	69
271	2020-04-09	332254	4
272	2020-04-10	6692	23
273	2020-04-10	24920	40
274	2020-04-10	205092	68
275	2020-04-10	389160	82
276	2020-04-10	59438	99
277	2020-04-11	32338	91
278	2020-04-13	222870	8
279	2020-04-13	58136	91
280	2020-04-13	97344	46
281	2020-04-13	48960	78
282	2020-04-13	107916	18
283	2020-04-14	657824	28
284	2020-04-14	190603	80
285	2020-04-14	37856	84
286	2020-04-15	191808	85
287	2020-04-15	48356	97
288	2020-04-15	461274	10
289	2020-04-15	51884	89
290	2020-04-16	190836	51
291	2020-04-16	353080	33
292	2020-04-16	281400	73
293	2020-04-17	370188	24
294	2020-04-17	159506	48
295	2020-04-17	314150	95
296	2020-04-17	430200	8
297	2020-04-17	78965	84
298	2020-04-18	598928	29
299	2020-04-19	171580	45
300	2020-04-19	149435	17
301	2020-04-19	267546	93
302	2020-04-20	111530	86
303	2020-04-20	295875	75
304	2020-04-20	90037	5
305	2020-04-20	344871	89
306	2020-04-21	314821	37
307	2020-04-21	40194	1
308	2020-04-22	4968	1
309	2020-04-22	246344	79
310	2020-04-23	82484	25
311	2020-04-23	38130	42
312	2020-04-23	196460	95
313	2020-04-23	148400	63
314	2020-04-24	66928	97
315	2020-04-24	138450	47
316	2020-04-24	20340	4
317	2020-04-26	33352	85
318	2020-04-26	186501	64
319	2020-04-27	44000	17
320	2020-04-27	164811	64
321	2020-04-28	300807	77
322	2020-04-28	246617	52
323	2020-04-28	57528	57
324	2020-04-29	31434	12
325	2020-04-29	485110	2
326	2020-04-29	55647	18
327	2020-04-30	43500	66
328	2020-04-30	43890	89
329	2020-04-30	72854	5
330	2020-04-30	359436	95
331	2020-05-01	32368	44
332	2020-05-01	137865	82
333	2020-05-02	15129	89
334	2020-05-02	137618	30
335	2020-05-03	132240	34
336	2020-05-03	23520	48
337	2020-05-04	31800	66
338	2020-05-04	270756	9
339	2020-05-04	322292	55
340	2020-05-05	141474	45
341	2020-05-05	80496	23
342	2020-05-05	209370	99
343	2020-05-05	481593	94
344	2020-05-06	165557	32
345	2020-05-06	227586	72
346	2020-05-06	24512	40
347	2020-05-06	81366	97
348	2020-05-06	661168	12
349	2020-05-06	223689	17
350	2020-05-06	61152	88
351	2020-05-07	477152	47
352	2020-05-07	1802	51
353	2020-05-07	4929	24
354	2020-05-07	181220	60
355	2020-05-08	245752	42
356	2020-05-08	47520	46
357	2020-05-09	7278	30
358	2020-05-09	19872	83
359	2020-05-09	45135	47
360	2020-05-10	95530	69
361	2020-05-10	238506	38
362	2020-05-11	44928	74
363	2020-05-12	126746	29
364	2020-05-13	306067	88
365	2020-05-13	9040	68
366	2020-05-13	94	89
367	2020-05-13	277146	45
368	2020-05-15	427305	92
369	2020-05-16	105432	16
370	2020-05-16	299356	91
371	2020-05-16	16545	65
372	2020-05-17	449334	35
373	2020-05-17	394878	21
374	2020-05-17	443520	33
375	2020-05-17	142835	81
376	2020-05-18	120012	6
377	2020-05-18	23760	11
378	2020-05-19	74418	63
379	2020-05-19	9798	66
380	2020-05-20	565383	100
381	2020-05-20	1266	32
382	2020-05-20	428505	48
383	2020-05-20	6902	79
384	2020-05-20	408901	9
385	2020-05-21	375408	31
386	2020-05-21	186371	52
387	2020-05-22	175800	69
388	2020-05-22	549120	78
389	2020-05-22	116710	6
390	2020-05-22	221130	60
391	2020-05-22	32880	77
392	2020-05-23	105867	52
393	2020-05-23	51356	78
394	2020-05-24	447006	100
395	2020-05-24	43428	36
396	2020-05-24	83235	80
397	2020-05-25	85695	52
398	2020-05-26	385848	20
399	2020-05-26	6600	17
400	2020-05-26	354484	48
401	2020-05-26	344372	35
402	2020-05-27	44160	50
403	2020-05-27	397590	20
404	2020-05-28	452074	87
405	2020-05-29	66300	3
406	2020-05-29	87170	53
407	2020-05-29	38465	49
408	2020-05-29	18288	53
409	2020-05-29	267970	62
410	2020-05-30	4662	20
411	2020-05-30	511600	74
412	2020-05-30	286380	97
413	2020-05-30	74405	93
414	2020-05-30	312816	62
415	2020-05-30	246626	30
416	2020-05-30	320408	17
417	2020-05-31	12726	36
418	2020-05-31	367893	80
419	2020-06-01	16467	66
420	2020-06-02	3780	59
421	2020-06-03	147152	84
422	2020-06-04	81906	73
423	2020-06-04	29510	82
424	2020-06-04	238880	50
425	2020-06-04	620208	12
426	2020-06-04	8651	50
427	2020-06-04	97755	96
428	2020-06-05	2376	94
429	2020-06-05	29865	10
430	2020-06-06	394710	64
431	2020-06-06	137735	36
432	2020-06-07	221776	8
433	2020-06-07	28536	75
434	2020-06-08	132868	9
435	2020-06-09	16338	21
436	2020-06-09	177408	29
437	2020-06-09	3237	86
438	2020-06-09	47952	70
439	2020-06-10	379522	25
440	2020-06-10	25974	87
441	2020-06-11	405328	82
442	2020-06-11	104535	90
443	2020-06-11	4205	17
444	2020-06-12	28358	43
445	2020-06-12	3672	25
446	2020-06-12	190060	79
447	2020-06-13	78581	67
448	2020-06-13	27968	31
449	2020-06-14	91700	57
450	2020-06-15	166865	98
451	2020-06-15	30030	59
452	2020-06-16	430	92
453	2020-06-16	114478	52
454	2020-06-17	2873	42
455	2020-06-17	218940	24
456	2020-06-18	25182	67
457	2020-06-18	49770	64
458	2020-06-18	113022	56
459	2020-06-19	303107	6
460	2020-06-19	118311	5
461	2020-06-19	376025	54
462	2020-06-19	6864	99
463	2020-06-20	17112	91
464	2020-06-21	5065	12
465	2020-06-21	289227	14
466	2020-06-21	54290	60
467	2020-06-21	495846	73
468	2020-06-21	83712	31
469	2020-06-21	177552	20
470	2020-06-22	231880	30
471	2020-06-23	81450	95
472	2020-06-24	28272	74
473	2020-06-24	87842	51
474	2020-06-24	195525	21
475	2020-06-24	686994	52
476	2020-06-25	4312	71
477	2020-06-25	167940	7
478	2020-06-26	148200	90
479	2020-06-27	57000	68
480	2020-06-27	23933	35
481	2020-06-27	67680	25
482	2020-06-28	395910	34
483	2020-06-28	63616	56
484	2020-06-28	43668	30
485	2020-06-29	23640	78
486	2020-06-29	22632	86
487	2020-06-29	10314	33
488	2020-06-29	487302	61
489	2020-06-29	68544	39
490	2020-06-30	429745	30
491	2020-06-30	153172	66
492	2020-06-30	458532	96
493	2020-06-30	58185	24
494	2020-07-01	4477	28
495	2020-07-02	51625	25
496	2020-07-02	146286	80
497	2020-07-03	58528	78
498	2020-07-03	123656	72
499	2020-07-03	296010	63
500	2020-07-04	127845	43
\.


--
-- Data for Name: cassa_income; Type: TABLE DATA; Schema: public; Owner: postgres
--

COPY public.cassa_income (id, ddate, summ, client) FROM stdin;
1	2020-07-07	70300	68
2	2020-07-07	303408	48
3	2020-07-09	1896	47
4	2020-07-09	87696	88
5	2020-07-09	200836	99
6	2020-07-09	570110	31
7	2020-07-11	337792	5
8	2020-07-11	65378	88
9	2020-07-11	292026	30
10	2020-07-11	149784	39
11	2020-07-11	145036	71
12	2020-07-11	72996	5
13	2020-07-11	485204	26
14	2020-07-11	74760	10
15	2020-07-11	567420	29
16	2020-07-11	4656	41
17	2020-07-13	29425	50
18	2020-07-13	99763	55
19	2020-07-13	459690	68
20	2020-07-13	124872	20
21	2020-07-13	253250	12
22	2020-07-13	74443	69
23	2020-07-13	112398	54
24	2020-07-15	211000	2
25	2020-07-15	1060	13
26	2020-07-15	108870	21
27	2020-07-15	26264	43
28	2020-07-15	340860	13
29	2020-07-15	50544	35
30	2020-07-15	104995	36
31	2020-07-15	419616	3
32	2020-07-17	101069	60
33	2020-07-17	146280	49
34	2020-07-17	293728	41
35	2020-07-17	481175	69
36	2020-07-17	414750	82
37	2020-07-17	358938	47
38	2020-07-17	199984	81
39	2020-07-17	333868	82
40	2020-07-19	496584	3
41	2020-07-19	309729	24
42	2020-07-19	159088	77
43	2020-07-19	109532	89
44	2020-07-19	257214	9
45	2020-07-19	311674	35
46	2020-07-19	47040	43
47	2020-07-19	343516	77
48	2020-07-19	262169	78
49	2020-07-19	75174	25
50	2020-07-19	246729	70
51	2020-07-21	168714	58
52	2020-07-21	254888	11
53	2020-07-21	22440	72
54	2020-07-21	103620	4
55	2020-07-23	137360	100
56	2020-07-23	153792	60
57	2020-07-23	540930	42
58	2020-07-23	42336	27
59	2020-07-25	207	6
60	2020-07-25	37204	1
61	2020-07-25	101088	67
62	2020-07-25	62168	45
63	2020-07-25	237900	33
64	2020-07-25	447440	89
65	2020-07-25	567432	25
66	2020-07-27	517790	33
67	2020-07-27	64170	15
68	2020-07-27	456560	23
69	2020-07-27	18540	90
70	2020-07-29	96465	63
71	2020-07-29	100122	84
72	2020-07-29	405000	88
73	2020-07-29	1659	13
74	2020-07-29	25555	33
75	2020-07-29	35880	83
76	2020-07-29	620126	54
77	2020-07-29	97693	19
78	2020-07-31	91780	95
79	2020-07-31	282529	39
80	2020-07-31	54978	90
81	2020-07-31	322494	69
82	2020-08-02	76958	52
83	2020-08-02	464464	35
84	2020-08-02	418695	7
85	2020-08-02	130320	8
86	2020-08-02	226904	51
87	2020-08-02	106760	29
88	2020-08-02	17520	39
89	2020-08-04	4392	91
90	2020-08-04	308160	60
91	2020-08-04	180864	54
92	2020-08-04	53521	10
93	2020-08-04	464512	10
94	2020-08-04	97005	55
95	2020-08-04	189	67
96	2020-08-06	371566	71
97	2020-08-06	161702	82
98	2020-08-06	22881	54
99	2020-08-06	23733	25
100	2020-08-08	11968	73
101	2020-08-08	148104	62
102	2020-08-08	3212	97
103	2020-08-08	272650	4
104	2020-08-08	537064	78
105	2020-08-08	434764	73
106	2020-08-08	390726	42
107	2020-08-08	355364	99
108	2020-08-10	40339	18
109	2020-08-10	33544	100
110	2020-08-10	40020	29
111	2020-08-10	82544	52
112	2020-08-10	66816	86
113	2020-08-12	141860	8
114	2020-08-12	79180	22
115	2020-08-12	102795	85
116	2020-08-12	83814	20
117	2020-08-12	265162	66
118	2020-08-12	512343	52
119	2020-08-12	70047	34
120	2020-08-14	408012	62
121	2020-08-14	190575	57
122	2020-08-14	370860	27
123	2020-08-14	393056	3
124	2020-08-14	523276	9
125	2020-08-14	250668	86
126	2020-08-14	129228	22
127	2020-08-16	120800	2
128	2020-08-16	126374	87
129	2020-08-16	33990	50
130	2020-08-16	39432	50
131	2020-08-16	33060	62
132	2020-08-16	56364	18
133	2020-08-16	341704	78
134	2020-08-16	536448	51
135	2020-08-18	302049	90
136	2020-08-18	135894	62
137	2020-08-18	29535	92
138	2020-08-18	187389	30
139	2020-08-20	288652	73
140	2020-08-20	167280	66
141	2020-08-22	1200	58
142	2020-08-22	429580	27
143	2020-08-22	394174	22
144	2020-08-22	237552	32
145	2020-08-22	58968	38
146	2020-08-22	78200	91
147	2020-08-22	187800	73
148	2020-08-22	59334	88
149	2020-08-22	167475	91
150	2020-08-22	29336	13
151	2020-08-24	11362	76
152	2020-08-24	302368	78
153	2020-08-24	350058	85
154	2020-08-24	104753	22
155	2020-08-26	18788	14
156	2020-08-26	620312	16
157	2020-08-26	225992	93
158	2020-08-26	59940	18
159	2020-08-26	246442	6
160	2020-08-28	493350	100
161	2020-08-28	75112	83
162	2020-08-28	17580	66
163	2020-08-28	244080	86
164	2020-08-28	155680	90
165	2020-08-28	37814	82
166	2020-08-30	259000	90
167	2020-08-30	825	40
168	2020-08-30	114816	55
169	2020-08-30	172578	6
170	2020-08-30	355562	72
171	2020-08-30	87696	9
172	2020-09-01	21509	36
173	2020-09-01	281970	4
174	2020-09-01	10165	42
175	2020-09-03	64976	37
176	2020-09-03	81073	18
177	2020-09-03	82812	99
178	2020-09-03	474714	38
179	2020-09-05	26884	56
180	2020-09-05	198288	44
181	2020-09-05	212496	94
182	2020-09-05	77844	76
183	2020-09-05	6206	29
184	2020-09-05	279972	53
185	2020-09-05	140530	71
186	2020-09-07	200464	99
187	2020-09-07	361762	35
188	2020-09-07	17520	39
189	2020-09-07	24092	68
190	2020-09-07	468689	75
191	2020-09-07	56172	36
192	2020-09-07	538408	30
193	2020-09-07	107580	42
194	2020-09-09	4080	73
195	2020-09-09	65320	98
196	2020-09-09	38284	62
197	2020-09-09	123256	67
198	2020-09-09	105740	42
199	2020-09-09	454163	95
200	2020-09-11	483546	75
201	2020-09-11	571680	21
202	2020-09-11	143448	20
203	2020-09-11	155456	88
204	2020-09-11	131868	10
205	2020-09-13	4626	48
206	2020-09-13	283994	62
207	2020-09-13	174692	58
208	2020-09-13	32400	37
209	2020-09-13	143172	81
210	2020-09-15	160881	98
211	2020-09-15	371868	97
212	2020-09-15	157353	61
213	2020-09-17	391092	12
214	2020-09-17	322848	86
215	2020-09-17	446160	17
216	2020-09-17	337125	25
217	2020-09-17	66048	97
218	2020-09-19	961	27
219	2020-09-19	47829	62
220	2020-09-19	145275	34
221	2020-09-19	68199	100
222	2020-09-21	47460	48
223	2020-09-21	2816	75
224	2020-09-21	82770	57
225	2020-09-21	7749	22
226	2020-09-21	242385	1
227	2020-09-23	292917	78
228	2020-09-23	74976	60
229	2020-09-23	151200	79
230	2020-09-23	33968	42
231	2020-09-23	45280	26
232	2020-09-23	32340	71
233	2020-09-23	21470	79
234	2020-09-23	30470	70
235	2020-09-23	140448	33
236	2020-09-23	92880	46
237	2020-09-25	3168	94
238	2020-09-25	292772	89
239	2020-09-25	87912	94
240	2020-09-25	36300	90
241	2020-09-27	46509	27
242	2020-09-27	1098	47
243	2020-09-27	131120	10
244	2020-09-27	269574	76
245	2020-09-27	142440	20
246	2020-09-27	149040	11
247	2020-09-29	142380	37
248	2020-10-01	28906	60
249	2020-10-01	65550	42
250	2020-10-01	178086	1
251	2020-10-03	32936	55
252	2020-10-03	26961	38
253	2020-10-03	11102	37
254	2020-10-03	345861	10
255	2020-10-03	425790	89
256	2020-10-03	47880	87
257	2020-10-03	133809	78
258	2020-10-03	68799	89
259	2020-10-05	79640	11
260	2020-10-05	311880	14
261	2020-10-05	499626	10
262	2020-10-05	297756	21
263	2020-10-05	298782	91
264	2020-10-05	118500	89
265	2020-10-05	301278	67
266	2020-10-05	117410	82
267	2020-10-07	193596	34
268	2020-10-07	124608	51
269	2020-10-09	333360	1
270	2020-10-09	31629	2
271	2020-10-09	48035	55
272	2020-10-09	5593	54
273	2020-10-09	1090	11
274	2020-10-09	496904	46
275	2020-10-09	9870	81
276	2020-10-09	262676	91
277	2020-10-13	170775	85
278	2020-10-13	144022	71
279	2020-10-13	390145	4
280	2020-10-13	319077	9
281	2020-10-13	126654	15
282	2020-10-13	70437	100
283	2020-10-13	331660	73
284	2020-10-15	283581	86
285	2020-10-15	10745	23
286	2020-10-15	19276	14
287	2020-10-15	39664	12
288	2020-10-17	489868	25
289	2020-10-17	197024	38
290	2020-10-17	198768	76
291	2020-10-17	321245	5
292	2020-10-19	116232	78
293	2020-10-19	562020	40
294	2020-10-19	185322	38
295	2020-10-19	22154	53
296	2020-10-19	48412	10
297	2020-10-19	378852	59
298	2020-10-21	355465	24
299	2020-10-21	281530	21
300	2020-10-21	212892	31
301	2020-10-21	209880	57
302	2020-10-23	186758	85
303	2020-10-23	74426	17
304	2020-10-23	86940	45
305	2020-10-23	186020	48
306	2020-10-25	298840	53
307	2020-10-25	607576	14
308	2020-10-25	2208	75
309	2020-10-25	142080	39
310	2020-10-27	200850	15
311	2020-10-27	356076	74
312	2020-10-27	302081	61
313	2020-10-27	129602	68
314	2020-10-27	6860	70
315	2020-10-27	335036	37
316	2020-10-27	3045	43
317	2020-10-29	127504	46
318	2020-10-29	23912	8
319	2020-10-29	72009	15
320	2020-10-29	101758	61
321	2020-10-29	410220	21
322	2020-10-29	588	16
323	2020-10-29	83754	65
324	2020-10-31	375063	98
325	2020-10-31	153035	11
326	2020-10-31	30940	19
327	2020-10-31	414700	68
328	2020-10-31	12463	83
329	2020-10-31	134547	95
330	2020-10-31	4	13
331	2020-10-31	318348	75
332	2020-10-31	64372	19
333	2020-10-31	59150	14
334	2020-10-31	1770	81
335	2020-11-02	100719	37
336	2020-11-02	404866	86
337	2020-11-02	174267	96
338	2020-11-02	69316	78
339	2020-11-02	102999	54
340	2020-11-02	17179	98
341	2020-11-02	501982	69
342	2020-11-02	225968	45
343	2020-11-02	15764	36
344	2020-11-04	379728	94
345	2020-11-04	401841	58
346	2020-11-04	40221	73
347	2020-11-04	1250	54
348	2020-11-04	3800	66
349	2020-11-04	4064	56
350	2020-11-06	505494	67
351	2020-11-06	253422	28
352	2020-11-06	439928	54
353	2020-11-06	412644	18
354	2020-11-06	393094	44
355	2020-11-08	76960	28
356	2020-11-08	33100	16
357	2020-11-08	501312	89
358	2020-11-08	430760	92
359	2020-11-08	114142	50
360	2020-11-08	8928	78
361	2020-11-08	189567	95
362	2020-11-10	160160	72
363	2020-11-10	19932	69
364	2020-11-10	19411	89
365	2020-11-10	82400	48
366	2020-11-12	384385	74
367	2020-11-12	135240	40
368	2020-11-12	232116	60
369	2020-11-12	209348	25
370	2020-11-12	263742	22
371	2020-11-14	75970	79
372	2020-11-14	426075	52
373	2020-11-14	940	94
374	2020-11-16	13735	21
375	2020-11-16	206148	29
376	2020-11-18	6412	19
377	2020-11-18	4070	62
378	2020-11-18	240690	92
379	2020-11-20	66612	28
380	2020-11-20	137844	18
381	2020-11-20	197838	30
382	2020-11-20	85956	8
383	2020-11-20	97512	32
384	2020-11-20	59321	64
385	2020-11-20	265960	7
386	2020-11-22	7049	50
387	2020-11-22	41881	70
388	2020-11-22	5525	79
389	2020-11-22	236350	20
390	2020-11-22	155474	24
391	2020-11-22	400128	34
392	2020-11-24	102258	89
393	2020-11-24	13370	20
394	2020-11-24	21756	84
395	2020-11-24	21200	41
396	2020-11-24	293696	22
397	2020-11-24	49875	4
398	2020-11-24	77123	14
399	2020-11-26	49470	75
400	2020-11-26	463155	50
401	2020-11-26	181888	37
402	2020-11-26	339968	49
403	2020-11-26	103950	28
404	2020-11-26	55706	24
405	2020-11-26	117068	53
406	2020-11-28	363692	96
407	2020-11-28	282304	45
408	2020-11-28	609778	59
409	2020-11-28	159317	49
410	2020-11-28	129987	77
411	2020-11-28	219726	56
412	2020-11-28	13680	90
413	2020-11-28	63124	64
414	2020-11-30	96617	11
415	2020-11-30	124474	61
416	2020-12-02	115452	68
417	2020-12-02	14535	99
418	2020-12-02	274380	20
419	2020-12-02	14115	83
420	2020-12-04	55728	60
421	2020-12-04	327049	78
422	2020-12-04	11328	87
423	2020-12-04	48068	93
424	2020-12-04	217848	64
425	2020-12-04	123985	53
426	2020-12-04	48471	91
427	2020-12-06	451414	52
428	2020-12-06	68107	64
429	2020-12-06	47961	86
430	2020-12-06	61480	15
431	2020-12-06	752	96
432	2020-12-08	493848	62
433	2020-12-08	38690	99
434	2020-12-08	4374	77
435	2020-12-08	4424	100
436	2020-12-10	202935	40
437	2020-12-10	104188	91
438	2020-12-10	108756	79
439	2020-12-10	14630	91
440	2020-12-10	119665	21
441	2020-12-10	91542	63
442	2020-12-10	68967	33
443	2020-12-10	347976	4
444	2020-12-12	7116	77
445	2020-12-12	110856	77
446	2020-12-12	80896	7
447	2020-12-12	447944	86
448	2020-12-12	172346	78
449	2020-12-12	163382	93
450	2020-12-14	510384	35
451	2020-12-14	28320	59
452	2020-12-14	387484	45
453	2020-12-14	50904	21
454	2020-12-16	165390	26
455	2020-12-16	26712	31
456	2020-12-16	14872	65
457	2020-12-16	174040	73
458	2020-12-16	33280	36
459	2020-12-16	74786	45
460	2020-12-16	3859	91
461	2020-12-18	372792	78
462	2020-12-18	187222	42
463	2020-12-18	55752	16
464	2020-12-18	530000	5
465	2020-12-18	286618	17
466	2020-12-20	305448	14
467	2020-12-20	169724	31
468	2020-12-20	22770	29
469	2020-12-20	67275	41
470	2020-12-20	255816	4
471	2020-12-20	618662	79
472	2020-12-20	3432	98
473	2020-12-20	558922	42
474	2020-12-20	8815	50
475	2020-12-22	45960	31
476	2020-12-22	311328	47
477	2020-12-22	359976	21
478	2020-12-24	569838	75
479	2020-12-24	41976	57
480	2020-12-24	50394	80
481	2020-12-24	413424	21
482	2020-12-24	57860	58
483	2020-12-24	190260	7
484	2020-12-24	89280	35
485	2020-12-24	499347	18
486	2020-12-26	77330	8
487	2020-12-26	240838	41
488	2020-12-26	64515	34
489	2020-12-28	100358	44
490	2020-12-28	439635	100
491	2020-12-28	437998	71
492	2020-12-28	176256	90
493	2020-12-28	64800	81
494	2020-12-28	259418	33
495	2020-12-28	8041	36
496	2020-12-28	272344	63
497	2020-12-30	45373	77
498	2020-12-30	282532	60
499	2020-12-30	619087	13
500	2020-12-30	587952	40
\.


--
-- Data for Name: cassa_recept; Type: TABLE DATA; Schema: public; Owner: postgres
--

COPY public.cassa_recept (id, ddate, summ, client) FROM stdin;
1	2020-07-05	168705	81
2	2020-07-05	53751	87
3	2020-07-05	44196	61
4	2020-07-05	159740	83
5	2020-07-05	175680	51
6	2020-07-06	217600	67
7	2020-07-07	37926	66
8	2020-07-08	4917	46
9	2020-07-08	178240	73
10	2020-07-08	100810	52
11	2020-07-08	154504	24
12	2020-07-08	6768	29
13	2020-07-08	490455	79
14	2020-07-09	81539	84
15	2020-07-09	265880	13
16	2020-07-10	12798	71
17	2020-07-11	21160	47
18	2020-07-11	59312	60
19	2020-07-11	574080	59
20	2020-07-11	446194	97
21	2020-07-12	519582	16
22	2020-07-12	54288	19
23	2020-07-12	195847	97
24	2020-07-12	17679	19
25	2020-07-13	183352	50
26	2020-07-13	638452	54
27	2020-07-13	10280	36
28	2020-07-13	491206	15
29	2020-07-13	113724	19
30	2020-07-14	197829	88
31	2020-07-14	482269	42
32	2020-07-14	4698	79
33	2020-07-14	316365	40
34	2020-07-14	11315	100
35	2020-07-14	14994	14
36	2020-07-15	48708	88
37	2020-07-15	47060	30
38	2020-07-15	55391	14
39	2020-07-15	11868	95
40	2020-07-15	14168	43
41	2020-07-16	632953	51
42	2020-07-16	203840	93
43	2020-07-16	254644	22
44	2020-07-16	273798	39
45	2020-07-16	15842	97
46	2020-07-17	618488	21
47	2020-07-17	2678	47
48	2020-07-17	319440	41
49	2020-07-17	454113	10
50	2020-07-18	3875	18
51	2020-07-18	51900	90
52	2020-07-18	95948	61
53	2020-07-19	263958	43
54	2020-07-19	401826	83
55	2020-07-19	436152	53
56	2020-07-20	3444	2
57	2020-07-21	233024	65
58	2020-07-21	180681	28
59	2020-07-22	162045	7
60	2020-07-23	870	14
61	2020-07-23	646	100
62	2020-07-23	46620	17
63	2020-07-24	475788	84
64	2020-07-24	215040	65
65	2020-07-25	280608	34
66	2020-07-25	57596	49
67	2020-07-26	89936	77
68	2020-07-26	1715	20
69	2020-07-26	99636	90
70	2020-07-26	7350	52
71	2020-07-27	37000	40
72	2020-07-27	1605	42
73	2020-07-27	425500	1
74	2020-07-27	202070	12
75	2020-07-27	34122	17
76	2020-07-27	15744	95
77	2020-07-28	380890	58
78	2020-07-28	360094	5
79	2020-07-28	248980	68
80	2020-07-29	55755	65
81	2020-07-29	399968	85
82	2020-07-30	558855	92
83	2020-07-31	510840	96
84	2020-07-31	75472	91
85	2020-07-31	141180	25
86	2020-08-01	141476	33
87	2020-08-01	15330	47
88	2020-08-02	130560	83
89	2020-08-02	546702	69
90	2020-08-02	3690	99
91	2020-08-02	198237	93
92	2020-08-03	311663	47
93	2020-08-03	32390	82
94	2020-08-03	30720	57
95	2020-08-04	12519	33
96	2020-08-04	480801	70
97	2020-08-04	179394	67
98	2020-08-05	12444	66
99	2020-08-06	61509	34
100	2020-08-06	140094	87
101	2020-08-07	165053	50
102	2020-08-07	24963	74
103	2020-08-07	659736	18
104	2020-08-08	54831	8
105	2020-08-08	330030	29
106	2020-08-08	551442	21
107	2020-08-09	339556	53
108	2020-08-09	243100	58
109	2020-08-09	137214	74
110	2020-08-09	6820	61
111	2020-08-10	185174	41
112	2020-08-10	69810	90
113	2020-08-10	20631	80
114	2020-08-10	73425	45
115	2020-08-10	191362	1
116	2020-08-10	301378	22
117	2020-08-11	258156	79
118	2020-08-12	319077	27
119	2020-08-12	108378	69
120	2020-08-12	88315	74
121	2020-08-13	480786	24
122	2020-08-13	105187	44
123	2020-08-14	593978	35
124	2020-08-14	65520	73
125	2020-08-14	21500	64
126	2020-08-15	16940	21
127	2020-08-16	287895	27
128	2020-08-16	43384	37
129	2020-08-16	319644	14
130	2020-08-16	80132	48
131	2020-08-18	280212	66
132	2020-08-18	257907	38
133	2020-08-19	85073	52
134	2020-08-19	85596	57
135	2020-08-19	505362	22
136	2020-08-19	211475	25
137	2020-08-20	700060	20
138	2020-08-20	197802	33
139	2020-08-20	116844	99
140	2020-08-20	28712	41
141	2020-08-21	649932	17
142	2020-08-21	68322	10
143	2020-08-21	11194	83
144	2020-08-21	310464	22
145	2020-08-22	397880	100
146	2020-08-22	33252	75
147	2020-08-23	434148	40
148	2020-08-23	11970	69
149	2020-08-23	328536	63
150	2020-08-23	79135	72
151	2020-08-24	214812	92
152	2020-08-24	8824	19
153	2020-08-24	2730	84
154	2020-08-25	63456	63
155	2020-08-26	308516	72
156	2020-08-26	53108	26
157	2020-08-26	101565	51
158	2020-08-26	142568	62
159	2020-08-27	583302	41
160	2020-08-27	269448	90
161	2020-08-27	81270	63
162	2020-08-27	138006	62
163	2020-08-27	400197	85
164	2020-08-27	345116	94
165	2020-08-27	595360	19
166	2020-08-28	17430	81
167	2020-08-28	11167	62
168	2020-08-28	355435	83
169	2020-08-28	206567	56
170	2020-08-28	434868	47
171	2020-08-29	41210	57
172	2020-08-30	161796	88
173	2020-08-30	24395	86
174	2020-08-30	3204	36
175	2020-08-31	75500	100
176	2020-08-31	281925	55
177	2020-08-31	2034	21
178	2020-08-31	447950	71
179	2020-09-02	313170	7
180	2020-09-02	50430	59
181	2020-09-03	14444	53
182	2020-09-03	15040	9
183	2020-09-03	250635	43
184	2020-09-04	198550	78
185	2020-09-05	290044	41
186	2020-09-05	198860	99
187	2020-09-05	12956	62
188	2020-09-05	132699	24
189	2020-09-06	358237	86
190	2020-09-06	60200	28
191	2020-09-07	92590	51
192	2020-09-07	431808	74
193	2020-09-08	368625	35
194	2020-09-08	52428	72
195	2020-09-08	291096	64
196	2020-09-08	69258	83
197	2020-09-09	4995	31
198	2020-09-10	487720	48
199	2020-09-10	42914	11
200	2020-09-10	47804	60
201	2020-09-11	64227	9
202	2020-09-11	82476	48
203	2020-09-11	12483	1
204	2020-09-12	216016	88
205	2020-09-13	22712	31
206	2020-09-13	212232	91
207	2020-09-13	435612	9
208	2020-09-13	334854	49
209	2020-09-13	107787	54
210	2020-09-13	50166	29
211	2020-09-13	16434	78
212	2020-09-14	36360	96
213	2020-09-14	29165	88
214	2020-09-15	77675	84
215	2020-09-16	13321	15
216	2020-09-16	101821	10
217	2020-09-16	124434	1
218	2020-09-17	277365	18
219	2020-09-17	71	12
220	2020-09-17	577996	23
221	2020-09-17	48114	37
222	2020-09-17	363335	35
223	2020-09-18	39676	22
224	2020-09-18	56386	61
225	2020-09-18	161700	87
226	2020-09-18	109725	59
227	2020-09-19	31341	46
228	2020-09-20	209160	77
229	2020-09-20	529372	94
230	2020-09-22	45593	97
231	2020-09-23	78870	37
232	2020-09-23	79750	39
233	2020-09-23	316318	11
234	2020-09-24	425296	42
235	2020-09-24	77211	46
236	2020-09-24	8901	25
237	2020-09-25	173000	8
238	2020-09-25	528168	56
239	2020-09-25	17157	80
240	2020-09-26	15678	97
241	2020-09-26	217344	4
242	2020-09-26	234150	59
243	2020-09-26	15651	14
244	2020-09-26	198856	2
245	2020-09-26	115425	24
246	2020-09-26	80585	91
247	2020-09-26	449140	21
248	2020-09-27	83349	50
249	2020-09-27	263000	39
250	2020-09-28	152064	49
251	2020-09-28	67554	93
252	2020-09-28	562545	18
253	2020-09-28	315510	4
254	2020-09-28	273920	25
255	2020-09-28	59780	59
256	2020-09-29	4602	92
257	2020-09-29	184044	65
258	2020-09-29	501968	100
259	2020-09-30	19239	40
260	2020-09-30	31781	71
261	2020-09-30	401604	62
262	2020-09-30	449988	30
263	2020-10-01	115670	22
264	2020-10-01	206170	78
265	2020-10-01	142398	37
266	2020-10-01	110676	40
267	2020-10-01	161928	64
268	2020-10-03	6775	12
269	2020-10-04	13420	54
270	2020-10-04	147132	57
271	2020-10-04	6240	21
272	2020-10-05	76930	29
273	2020-10-05	197523	3
274	2020-10-05	47488	9
275	2020-10-06	2294	28
276	2020-10-06	127452	92
277	2020-10-06	5236	1
278	2020-10-07	143878	90
279	2020-10-07	425412	38
280	2020-10-07	162127	80
281	2020-10-07	41976	93
282	2020-10-07	39875	82
283	2020-10-07	106978	97
284	2020-10-08	260743	61
285	2020-10-08	15827	40
286	2020-10-08	47255	78
287	2020-10-08	302220	66
288	2020-10-08	527820	75
289	2020-10-09	2700	25
290	2020-10-09	17290	51
291	2020-10-09	526500	61
292	2020-10-09	2776	56
293	2020-10-09	142824	9
294	2020-10-09	256968	46
295	2020-10-10	82368	48
296	2020-10-10	87010	2
297	2020-10-10	149520	47
298	2020-10-10	216750	34
299	2020-10-10	26666	30
300	2020-10-11	324392	78
301	2020-10-12	424089	28
302	2020-10-12	219760	26
303	2020-10-13	55936	75
304	2020-10-13	16005	27
305	2020-10-13	126100	19
306	2020-10-14	321636	5
307	2020-10-14	20544	34
308	2020-10-14	168091	45
309	2020-10-14	129826	98
310	2020-10-14	7866	59
311	2020-10-15	546564	48
312	2020-10-16	355572	76
313	2020-10-17	651092	93
314	2020-10-17	25280	15
315	2020-10-17	123265	77
316	2020-10-18	59570	19
317	2020-10-18	471276	14
318	2020-10-19	13120	80
319	2020-10-20	493728	14
320	2020-10-21	467697	3
321	2020-10-21	167232	79
322	2020-10-21	148934	85
323	2020-10-22	172078	5
324	2020-10-22	55890	68
325	2020-10-22	149760	18
326	2020-10-22	238	24
327	2020-10-23	587454	96
328	2020-10-23	181826	97
329	2020-10-24	564975	10
330	2020-10-24	24880	39
331	2020-10-24	82485	53
332	2020-10-24	391068	52
333	2020-10-24	151776	63
334	2020-10-24	135568	75
335	2020-10-25	63558	37
336	2020-10-26	248159	56
337	2020-10-27	66548	24
338	2020-10-27	181826	64
339	2020-10-27	548016	38
340	2020-10-28	508431	90
341	2020-10-28	211470	8
342	2020-10-29	355212	2
343	2020-10-29	284622	16
344	2020-10-30	217488	24
345	2020-10-31	10788	67
346	2020-10-31	32240	92
347	2020-10-31	7427	88
348	2020-10-31	88773	18
349	2020-10-31	180452	5
350	2020-11-01	590790	78
351	2020-11-01	542413	80
352	2020-11-01	30856	14
353	2020-11-02	377777	65
354	2020-11-02	118156	68
355	2020-11-02	211860	43
356	2020-11-02	176610	53
357	2020-11-03	65608	66
358	2020-11-03	70574	82
359	2020-11-04	318128	6
360	2020-11-04	31232	29
361	2020-11-05	41440	94
362	2020-11-05	20240	24
363	2020-11-05	95400	30
364	2020-11-05	13098	67
365	2020-11-06	216038	96
366	2020-11-06	276352	41
367	2020-11-06	117760	72
368	2020-11-07	279123	81
369	2020-11-07	148920	93
370	2020-11-08	650195	7
371	2020-11-08	78546	52
372	2020-11-08	16445	12
373	2020-11-09	59437	74
374	2020-11-09	1030	21
375	2020-11-11	178011	71
376	2020-11-11	122070	75
377	2020-11-12	145464	27
378	2020-11-12	84474	23
379	2020-11-13	214272	66
380	2020-11-13	65520	82
381	2020-11-13	373974	17
382	2020-11-14	123200	82
383	2020-11-14	90972	82
384	2020-11-14	8704	77
385	2020-11-14	109242	94
386	2020-11-14	116535	89
387	2020-11-15	61272	37
388	2020-11-15	412446	68
389	2020-11-15	50468	1
390	2020-11-15	409572	63
391	2020-11-15	77402	59
392	2020-11-16	150945	25
393	2020-11-16	32660	28
394	2020-11-16	53720	47
395	2020-11-16	223353	5
396	2020-11-16	752	43
397	2020-11-16	252070	18
398	2020-11-17	352089	44
399	2020-11-17	56286	60
400	2020-11-17	331712	35
401	2020-11-18	401190	21
402	2020-11-18	154972	36
403	2020-11-18	145264	84
404	2020-11-19	462060	2
405	2020-11-19	10672	95
406	2020-11-19	310368	67
407	2020-11-20	64200	2
408	2020-11-21	53680	43
409	2020-11-21	528360	24
410	2020-11-22	94672	23
411	2020-11-22	55178	31
412	2020-11-22	45045	11
413	2020-11-23	311333	5
414	2020-11-23	269028	72
415	2020-11-24	49282	51
416	2020-11-24	251304	25
417	2020-11-25	24310	98
418	2020-11-25	273240	25
419	2020-11-25	12597	63
420	2020-11-26	153912	71
421	2020-11-27	594928	60
422	2020-11-28	458738	71
423	2020-11-28	436428	29
424	2020-11-29	1926	17
425	2020-11-29	656958	27
426	2020-11-29	259246	67
427	2020-11-30	80730	55
428	2020-11-30	1840	88
429	2020-11-30	440220	24
430	2020-11-30	66847	9
431	2020-11-30	8208	55
432	2020-12-01	541696	96
433	2020-12-01	184932	30
434	2020-12-01	41971	77
435	2020-12-01	11966	33
436	2020-12-01	178416	55
437	2020-12-03	13720	50
438	2020-12-04	631611	7
439	2020-12-04	328040	36
440	2020-12-05	87825	87
441	2020-12-05	9231	13
442	2020-12-05	457275	67
443	2020-12-06	665112	83
444	2020-12-07	244800	54
445	2020-12-09	265920	32
446	2020-12-09	71675	68
447	2020-12-10	370062	37
448	2020-12-10	381402	14
449	2020-12-10	462940	88
450	2020-12-10	253980	74
451	2020-12-11	390420	69
452	2020-12-11	120575	22
453	2020-12-11	502068	66
454	2020-12-11	120790	66
455	2020-12-11	188423	68
456	2020-12-12	380646	47
457	2020-12-12	153825	77
458	2020-12-13	152154	73
459	2020-12-14	372006	47
460	2020-12-14	177156	78
461	2020-12-15	291330	45
462	2020-12-15	4970	31
463	2020-12-15	15549	54
464	2020-12-15	355	74
465	2020-12-15	607367	20
466	2020-12-16	10285	47
467	2020-12-16	20475	42
468	2020-12-16	192975	78
469	2020-12-16	119054	22
470	2020-12-17	456750	13
471	2020-12-17	224234	30
472	2020-12-17	86714	32
473	2020-12-17	37830	11
474	2020-12-17	151598	91
475	2020-12-19	21450	66
476	2020-12-19	318384	11
477	2020-12-19	103904	89
478	2020-12-19	396774	6
479	2020-12-20	5421	77
480	2020-12-21	275539	90
481	2020-12-21	202711	86
482	2020-12-22	85932	56
483	2020-12-22	104333	24
484	2020-12-23	10045	48
485	2020-12-23	243144	75
486	2020-12-24	206514	73
487	2020-12-24	276804	91
488	2020-12-26	172215	37
489	2020-12-26	359176	8
490	2020-12-26	46201	68
491	2020-12-26	552328	7
492	2020-12-27	123970	67
493	2020-12-27	148010	73
494	2020-12-27	183644	64
495	2020-12-28	41300	69
496	2020-12-28	51930	38
497	2020-12-29	234702	63
498	2020-12-29	355623	98
499	2020-12-31	180000	26
500	2020-12-31	57412	12
\.


--
-- Data for Name: city; Type: TABLE DATA; Schema: public; Owner: postgres
--

COPY public.city (id, name, region) FROM stdin;
1	 1	3
2	 2	5
3	 3	4
4	 4	5
5	 5	4
6	 6	2
7	 7	1
8	 8	3
9	 9	5
10	 10	4
11	 11	2
12	 12	4
13	 13	4
14	 14	5
15	 15	3
16	 16	3
17	 17	3
18	 18	2
19	 19	3
20	 20	4
21	 21	1
22	 22	1
23	 23	4
24	 24	4
25	 25	3
26	 26	3
27	 27	1
28	 28	2
29	 29	2
30	 30	5
31	 31	5
32	 32	5
33	 33	5
34	 34	5
35	 35	3
36	 36	5
37	 37	5
38	 38	5
39	 39	5
40	 40	4
41	 41	3
42	 42	4
43	 43	1
44	 44	1
45	 45	2
46	 46	2
47	 47	4
48	 48	3
49	 49	1
50	 50	5
51	 51	5
52	 52	5
53	 53	3
54	 54	3
55	 55	4
56	 56	5
57	 57	5
58	 58	4
59	 59	2
60	 60	5
61	 61	3
62	 62	2
63	 63	3
64	 64	3
65	 65	5
66	 66	2
67	 67	5
68	 68	3
69	 69	2
70	 70	3
71	 71	1
72	 72	3
73	 73	5
74	 74	1
75	 75	3
76	 76	1
77	 77	5
78	 78	4
79	 79	3
80	 80	1
81	 81	2
82	 82	4
83	 83	3
84	 84	3
85	 85	3
86	 86	1
87	 87	1
88	 88	1
89	 89	3
90	 90	1
91	 91	5
92	 92	5
93	 93	1
94	 94	5
95	 95	2
96	 96	3
97	 97	2
98	 98	2
99	 99	5
100	 100	4
\.


--
-- Data for Name: client; Type: TABLE DATA; Schema: public; Owner: postgres
--

COPY public.client (id, name, address, city) FROM stdin;
1	 1	Address:  - 169	71
2	 2	Address:  - 119	25
3	 3	Address:  - 4	84
4	 4	Address:  - 140	34
5	 5	Address:  - 53	87
6	 6	Address:  - 39	96
7	 7	Address:  - 204	24
8	 8	Address:  - 141	99
9	 9	Address:  - 131	35
10	 10	Address:  - 170	39
11	 11	Address:  - 106	54
12	 12	Address:  - 199	8
13	 13	Address:  - 88	52
14	 14	Address:  - 14	95
15	 15	Address:  - 145	92
16	 16	Address:  - 46	94
17	 17	Address:  - 80	2
18	 18	Address:  - 54	23
19	 19	Address:  - 90	9
20	 20	Address:  - 114	21
21	 21	Address:  - 202	58
22	 22	Address:  - 125	81
23	 23	Address:  - 171	62
24	 24	Address:  - 51	65
25	 25	Address:  - 16	32
26	 26	Address:  - 184	89
27	 27	Address:  - 169	65
28	 28	Address:  - 81	98
29	 29	Address:  - 98	33
30	 30	Address:  - 208	95
31	 31	Address:  - 136	80
32	 32	Address:  - 84	85
33	 33	Address:  - 226	1
34	 34	Address:  - 161	84
35	 35	Address:  - 88	24
36	 36	Address:  - 221	13
37	 37	Address:  - 204	9
38	 38	Address:  - 115	72
39	 39	Address:  - 175	15
40	 40	Address:  - 115	90
41	 41	Address:  - 97	89
42	 42	Address:  - 207	18
43	 43	Address:  - 123	55
44	 44	Address:  - 69	47
45	 45	Address:  - 117	25
46	 46	Address:  - 82	34
47	 47	Address:  - 24	39
48	 48	Address:  - 71	72
49	 49	Address:  - 101	23
50	 50	Address:  - 123	37
51	 51	Address:  - 171	2
52	 52	Address:  - 97	74
53	 53	Address:  - 205	98
54	 54	Address:  - 76	50
55	 55	Address:  - 188	37
56	 56	Address:  - 157	71
57	 57	Address:  - 129	90
58	 58	Address:  - 144	96
59	 59	Address:  - 211	5
60	 60	Address:  - 205	89
61	 61	Address:  - 178	16
62	 62	Address:  - 113	77
63	 63	Address:  - 166	7
64	 64	Address:  - 5	1
65	 65	Address:  - 83	1
66	 66	Address:  - 149	81
67	 67	Address:  - 5	98
68	 68	Address:  - 24	94
69	 69	Address:  - 61	77
70	 70	Address:  - 24	71
71	 71	Address:  - 30	48
72	 72	Address:  - 210	5
73	 73	Address:  - 59	14
74	 74	Address:  - 132	49
75	 75	Address:  - 166	53
76	 76	Address:  - 113	29
77	 77	Address:  - 109	87
78	 78	Address:  - 32	14
79	 79	Address:  - 1	3
80	 80	Address:  - 27	8
81	 81	Address:  - 222	61
82	 82	Address:  - 68	26
83	 83	Address:  - 178	74
84	 84	Address:  - 23	17
85	 85	Address:  - 200	61
86	 86	Address:  - 195	3
87	 87	Address:  - 102	9
88	 88	Address:  - 205	47
89	 89	Address:  - 75	52
90	 90	Address:  - 51	88
91	 91	Address:  - 206	97
92	 92	Address:  - 24	95
93	 93	Address:  - 14	41
94	 94	Address:  - 166	70
95	 95	Address:  - 148	100
96	 96	Address:  - 165	26
97	 97	Address:  - 44	35
98	 98	Address:  - 187	6
99	 99	Address:  - 175	52
100	 100	Address:  - 116	26
\.


--
-- Data for Name: goods; Type: TABLE DATA; Schema: public; Owner: postgres
--

COPY public.goods (id, g_group, name, weight, length, height, width) FROM stdin;
1	5	Good: 1	210.0000	958.0000	17.0000	16.0000
2	14	Good: 2	66.0000	171.0000	46.0000	39.0000
3	14	Good: 3	160.0000	1027.0000	17.0000	15.0000
4	3	Good: 4	8.0000	370.0000	8.0000	14.0000
5	8	Good: 5	25.0000	851.0000	13.0000	32.0000
6	11	Good: 6	49.0000	948.0000	2.0000	41.0000
7	13	Good: 7	25.0000	848.0000	15.0000	52.0000
8	15	Good: 8	189.0000	1354.0000	21.0000	23.0000
9	7	Good: 9	217.0000	469.0000	17.0000	53.0000
10	5	Good: 10	79.0000	1154.0000	24.0000	13.0000
11	6	Good: 11	183.0000	431.0000	6.0000	48.0000
12	5	Good: 12	9.0000	440.0000	26.0000	30.0000
13	14	Good: 13	2.0000	750.0000	15.0000	13.0000
14	14	Good: 14	104.0000	212.0000	19.0000	43.0000
15	13	Good: 15	27.0000	460.0000	47.0000	19.0000
16	4	Good: 16	66.0000	1009.0000	1.0000	50.0000
17	6	Good: 17	43.0000	757.0000	47.0000	16.0000
18	9	Good: 18	95.0000	1443.0000	6.0000	11.0000
19	3	Good: 19	210.0000	1259.0000	31.0000	6.0000
20	14	Good: 20	13.0000	518.0000	43.0000	19.0000
21	13	Good: 21	150.0000	306.0000	30.0000	32.0000
22	5	Good: 22	133.0000	10.0000	10.0000	22.0000
23	11	Good: 23	74.0000	182.0000	5.0000	18.0000
24	15	Good: 24	155.0000	68.0000	47.0000	53.0000
25	11	Good: 25	47.0000	1230.0000	43.0000	4.0000
26	13	Good: 26	176.0000	1097.0000	15.0000	35.0000
27	13	Good: 27	38.0000	1079.0000	14.0000	52.0000
28	5	Good: 28	118.0000	566.0000	3.0000	8.0000
29	15	Good: 29	36.0000	42.0000	33.0000	51.0000
30	1	Good: 30	211.0000	1178.0000	35.0000	32.0000
31	11	Good: 31	16.0000	582.0000	28.0000	36.0000
32	15	Good: 32	182.0000	723.0000	1.0000	52.0000
33	10	Good: 33	58.0000	812.0000	29.0000	36.0000
34	13	Good: 34	74.0000	584.0000	16.0000	43.0000
35	14	Good: 35	172.0000	1377.0000	45.0000	11.0000
36	15	Good: 36	95.0000	937.0000	32.0000	11.0000
37	13	Good: 37	100.0000	1021.0000	32.0000	15.0000
38	1	Good: 38	22.0000	940.0000	49.0000	28.0000
39	13	Good: 39	181.0000	475.0000	13.0000	47.0000
40	7	Good: 40	228.0000	1419.0000	24.0000	37.0000
41	10	Good: 41	101.0000	185.0000	10.0000	6.0000
42	4	Good: 42	206.0000	1425.0000	23.0000	34.0000
43	15	Good: 43	207.0000	485.0000	50.0000	34.0000
44	4	Good: 44	111.0000	1287.0000	24.0000	17.0000
45	11	Good: 45	65.0000	752.0000	2.0000	53.0000
46	4	Good: 46	164.0000	1377.0000	16.0000	20.0000
47	15	Good: 47	161.0000	892.0000	48.0000	45.0000
48	9	Good: 48	211.0000	754.0000	45.0000	48.0000
49	3	Good: 49	168.0000	1485.0000	14.0000	2.0000
50	15	Good: 50	2.0000	880.0000	45.0000	36.0000
51	5	Good: 51	27.0000	589.0000	34.0000	37.0000
52	5	Good: 52	143.0000	910.0000	36.0000	3.0000
53	12	Good: 53	227.0000	237.0000	19.0000	7.0000
54	8	Good: 54	174.0000	10.0000	15.0000	16.0000
55	1	Good: 55	75.0000	100.0000	50.0000	31.0000
56	9	Good: 56	159.0000	379.0000	24.0000	27.0000
57	10	Good: 57	223.0000	1430.0000	37.0000	18.0000
58	1	Good: 58	39.0000	1219.0000	48.0000	49.0000
59	8	Good: 59	164.0000	1364.0000	43.0000	54.0000
60	6	Good: 60	23.0000	334.0000	25.0000	7.0000
61	10	Good: 61	75.0000	485.0000	36.0000	8.0000
62	12	Good: 62	214.0000	958.0000	10.0000	19.0000
63	15	Good: 63	130.0000	285.0000	7.0000	2.0000
64	10	Good: 64	120.0000	687.0000	18.0000	30.0000
65	10	Good: 65	81.0000	1290.0000	46.0000	4.0000
66	11	Good: 66	193.0000	691.0000	13.0000	40.0000
67	11	Good: 67	183.0000	1032.0000	36.0000	43.0000
68	3	Good: 68	114.0000	1439.0000	42.0000	41.0000
69	15	Good: 69	175.0000	295.0000	30.0000	15.0000
70	11	Good: 70	160.0000	1237.0000	2.0000	32.0000
71	8	Good: 71	63.0000	1372.0000	11.0000	19.0000
72	10	Good: 72	121.0000	657.0000	36.0000	10.0000
73	14	Good: 73	219.0000	1002.0000	9.0000	6.0000
74	8	Good: 74	175.0000	1302.0000	36.0000	13.0000
75	2	Good: 75	5.0000	1419.0000	31.0000	24.0000
76	6	Good: 76	123.0000	761.0000	48.0000	23.0000
77	4	Good: 77	140.0000	843.0000	26.0000	3.0000
78	4	Good: 78	35.0000	899.0000	42.0000	36.0000
79	7	Good: 79	43.0000	1242.0000	20.0000	35.0000
80	2	Good: 80	147.0000	1254.0000	41.0000	34.0000
81	14	Good: 81	33.0000	1151.0000	50.0000	4.0000
82	7	Good: 82	2.0000	1249.0000	22.0000	48.0000
83	5	Good: 83	226.0000	105.0000	47.0000	26.0000
84	1	Good: 84	189.0000	1214.0000	26.0000	21.0000
85	1	Good: 85	181.0000	859.0000	3.0000	10.0000
86	14	Good: 86	100.0000	1233.0000	49.0000	32.0000
87	1	Good: 87	39.0000	720.0000	39.0000	34.0000
88	4	Good: 88	138.0000	1205.0000	24.0000	7.0000
89	10	Good: 89	202.0000	884.0000	49.0000	36.0000
90	8	Good: 90	169.0000	1150.0000	47.0000	6.0000
91	14	Good: 91	132.0000	426.0000	24.0000	1.0000
92	1	Good: 92	21.0000	872.0000	14.0000	7.0000
93	8	Good: 93	11.0000	567.0000	43.0000	7.0000
94	13	Good: 94	160.0000	909.0000	32.0000	39.0000
95	15	Good: 95	25.0000	553.0000	2.0000	1.0000
96	10	Good: 96	206.0000	583.0000	19.0000	29.0000
97	12	Good: 97	201.0000	821.0000	18.0000	39.0000
98	5	Good: 98	157.0000	1389.0000	9.0000	53.0000
99	6	Good: 99	188.0000	986.0000	27.0000	8.0000
100	14	Good: 100	186.0000	1144.0000	5.0000	46.0000
101	15	Good: 101	140.0000	1358.0000	49.0000	47.0000
102	14	Good: 102	63.0000	1369.0000	9.0000	13.0000
103	2	Good: 103	90.0000	72.0000	10.0000	18.0000
104	2	Good: 104	2.0000	1415.0000	17.0000	40.0000
105	13	Good: 105	27.0000	507.0000	42.0000	3.0000
106	10	Good: 106	96.0000	412.0000	16.0000	50.0000
107	8	Good: 107	9.0000	158.0000	6.0000	37.0000
108	12	Good: 108	33.0000	400.0000	49.0000	47.0000
109	5	Good: 109	122.0000	369.0000	39.0000	32.0000
110	9	Good: 110	133.0000	186.0000	27.0000	4.0000
111	14	Good: 111	118.0000	387.0000	3.0000	22.0000
112	9	Good: 112	51.0000	1128.0000	39.0000	45.0000
113	13	Good: 113	112.0000	404.0000	18.0000	28.0000
114	8	Good: 114	205.0000	1331.0000	50.0000	39.0000
115	2	Good: 115	154.0000	569.0000	29.0000	46.0000
116	6	Good: 116	140.0000	409.0000	7.0000	2.0000
117	14	Good: 117	50.0000	77.0000	19.0000	4.0000
118	2	Good: 118	74.0000	770.0000	27.0000	40.0000
119	13	Good: 119	213.0000	746.0000	39.0000	14.0000
120	12	Good: 120	100.0000	1341.0000	12.0000	52.0000
121	7	Good: 121	7.0000	825.0000	1.0000	44.0000
122	13	Good: 122	227.0000	1357.0000	44.0000	44.0000
123	8	Good: 123	4.0000	915.0000	33.0000	14.0000
124	1	Good: 124	191.0000	505.0000	44.0000	36.0000
125	6	Good: 125	117.0000	450.0000	40.0000	26.0000
126	5	Good: 126	172.0000	889.0000	18.0000	11.0000
127	3	Good: 127	63.0000	756.0000	8.0000	51.0000
128	5	Good: 128	143.0000	531.0000	49.0000	24.0000
129	12	Good: 129	102.0000	1110.0000	28.0000	23.0000
130	13	Good: 130	107.0000	1050.0000	37.0000	5.0000
131	4	Good: 131	166.0000	449.0000	38.0000	15.0000
132	2	Good: 132	93.0000	1281.0000	19.0000	45.0000
133	1	Good: 133	194.0000	1236.0000	11.0000	26.0000
134	15	Good: 134	213.0000	1263.0000	43.0000	51.0000
135	10	Good: 135	199.0000	1309.0000	27.0000	7.0000
136	9	Good: 136	101.0000	183.0000	7.0000	38.0000
137	4	Good: 137	75.0000	1351.0000	18.0000	1.0000
138	10	Good: 138	7.0000	243.0000	17.0000	14.0000
139	15	Good: 139	200.0000	351.0000	44.0000	53.0000
140	5	Good: 140	167.0000	1130.0000	45.0000	22.0000
141	12	Good: 141	47.0000	1085.0000	13.0000	8.0000
142	3	Good: 142	19.0000	242.0000	11.0000	31.0000
143	6	Good: 143	200.0000	1059.0000	18.0000	43.0000
144	8	Good: 144	42.0000	1440.0000	41.0000	25.0000
145	4	Good: 145	103.0000	538.0000	45.0000	38.0000
146	3	Good: 146	186.0000	190.0000	23.0000	40.0000
147	6	Good: 147	194.0000	1109.0000	6.0000	43.0000
148	6	Good: 148	155.0000	47.0000	20.0000	38.0000
149	7	Good: 149	6.0000	723.0000	11.0000	32.0000
150	2	Good: 150	35.0000	965.0000	8.0000	17.0000
\.


--
-- Data for Name: goods_groups; Type: TABLE DATA; Schema: public; Owner: postgres
--

COPY public.goods_groups (id, name, parent) FROM stdin;
1	Group: 1	1
2	Group: 2	2
3	Group: 3	3
4	Group: 4	4
5	Group: 5	5
6	Subgroup: 1	4
7	Subgroup: 2	2
8	Subgroup: 3	4
9	Subgroup: 4	4
10	Subgroup: 5	1
11	Subgroup: 6	1
12	Subgroup: 7	2
13	Subgroup: 8	4
14	Subgroup: 9	1
15	Subgroup: 10	3
\.


--
-- Data for Name: incgoods; Type: TABLE DATA; Schema: public; Owner: postgres
--

COPY public.incgoods (id, subid, goods, volume, price) FROM stdin;
1	1	141	44	270.0000
2	2	116	349	314.0000
3	3	64	207	1073.0000
4	4	27	395	1309.0000
5	5	118	266	29.0000
6	6	115	197	728.0000
7	7	139	89	1319.0000
8	8	53	460	555.0000
9	9	29	392	981.0000
10	10	108	80	1007.0000
11	11	41	465	919.0000
12	12	93	379	614.0000
13	13	94	338	1470.0000
14	14	101	434	582.0000
15	15	82	295	1376.0000
16	16	50	220	866.0000
17	17	115	258	276.0000
18	18	14	371	1279.0000
19	19	11	24	1088.0000
20	20	129	13	850.0000
21	21	121	472	1149.0000
22	22	100	417	275.0000
23	23	84	175	1468.0000
24	24	21	247	1427.0000
25	25	49	71	834.0000
26	26	70	471	20.0000
27	27	44	291	173.0000
28	28	60	383	479.0000
29	29	129	295	413.0000
30	30	60	150	1445.0000
31	31	39	31	637.0000
32	32	53	235	890.0000
33	33	74	238	1343.0000
34	34	1	42	534.0000
35	35	71	450	321.0000
36	36	86	285	1460.0000
37	37	59	10	193.0000
38	38	21	267	11.0000
39	39	62	497	1307.0000
40	40	71	406	856.0000
41	41	12	284	497.0000
42	42	93	45	1049.0000
43	43	22	94	1319.0000
44	44	14	204	592.0000
45	45	120	20	450.0000
46	46	140	331	24.0000
47	47	44	16	902.0000
48	48	14	498	1077.0000
49	49	106	54	414.0000
50	50	21	37	1382.0000
51	51	1	207	1168.0000
52	52	92	273	948.0000
53	53	50	291	17.0000
54	54	72	476	1211.0000
55	55	28	157	31.0000
56	56	135	260	108.0000
57	57	57	37	1233.0000
58	58	46	93	217.0000
59	59	68	420	946.0000
60	60	15	381	721.0000
61	61	128	71	62.0000
62	62	38	151	546.0000
63	63	7	340	1430.0000
64	64	108	155	609.0000
65	65	63	38	281.0000
66	66	126	7	622.0000
67	67	133	359	990.0000
68	68	37	174	897.0000
69	69	111	321	282.0000
70	70	56	456	173.0000
71	71	4	138	38.0000
72	72	128	245	1292.0000
73	73	120	48	414.0000
74	74	54	36	413.0000
75	75	19	71	1379.0000
76	76	128	109	677.0000
77	77	50	492	286.0000
78	78	32	87	497.0000
79	79	59	495	1205.0000
80	80	92	129	529.0000
81	81	108	86	318.0000
82	82	118	47	578.0000
83	83	106	277	798.0000
84	84	107	430	850.0000
85	85	72	462	900.0000
86	86	11	411	14.0000
87	87	120	150	1253.0000
88	88	29	12	205.0000
89	89	85	362	810.0000
90	90	70	232	497.0000
91	91	140	162	1288.0000
92	92	123	345	547.0000
93	93	1	403	1463.0000
94	94	15	59	44.0000
95	95	38	388	509.0000
96	96	52	384	375.0000
97	97	99	128	1287.0000
98	98	146	168	652.0000
99	99	123	463	373.0000
100	100	142	294	1187.0000
101	101	65	53	1135.0000
102	102	136	429	48.0000
103	103	124	399	1230.0000
104	104	117	228	46.0000
105	105	105	458	185.0000
106	106	36	160	1059.0000
107	107	123	74	940.0000
108	108	105	22	535.0000
109	109	93	283	1336.0000
110	110	123	8	813.0000
111	111	89	41	1399.0000
112	112	20	454	584.0000
113	113	47	332	1490.0000
114	114	146	436	425.0000
115	115	124	167	181.0000
116	116	26	91	433.0000
117	117	5	235	936.0000
118	118	77	349	288.0000
119	119	88	55	36.0000
120	120	80	164	1486.0000
121	121	4	50	1193.0000
122	122	75	253	716.0000
123	123	103	422	440.0000
124	124	65	208	1357.0000
125	125	36	381	1372.0000
126	126	8	52	1161.0000
127	127	37	326	694.0000
128	128	125	116	1369.0000
129	129	114	169	1308.0000
130	130	101	234	1210.0000
131	131	87	397	1383.0000
132	132	121	265	1068.0000
133	133	105	54	778.0000
134	134	149	292	580.0000
135	135	106	498	73.0000
136	136	140	432	1113.0000
137	137	126	36	1172.0000
138	138	50	261	1246.0000
139	139	32	17	579.0000
140	140	79	110	1328.0000
141	141	138	344	47.0000
142	142	82	203	567.0000
143	143	150	345	880.0000
144	144	122	485	425.0000
145	145	1	307	775.0000
146	146	23	396	1152.0000
147	147	141	309	1283.0000
148	148	76	172	684.0000
149	149	122	413	964.0000
150	150	40	138	623.0000
151	151	42	164	185.0000
152	152	145	300	1420.0000
153	153	131	365	115.0000
154	154	133	435	610.0000
155	155	136	90	1368.0000
156	156	106	228	1478.0000
157	157	98	408	52.0000
158	158	114	400	1256.0000
159	159	17	246	1472.0000
160	160	141	274	919.0000
161	161	124	268	484.0000
162	162	20	440	504.0000
163	163	137	386	769.0000
164	164	119	311	723.0000
165	165	105	349	416.0000
166	166	134	307	931.0000
167	167	75	319	1109.0000
168	168	109	304	1347.0000
169	169	85	86	498.0000
170	170	97	464	729.0000
171	171	23	343	1199.0000
172	172	83	131	1152.0000
173	173	111	117	30.0000
174	174	27	139	640.0000
175	175	80	70	1097.0000
176	176	15	326	503.0000
177	177	126	464	171.0000
178	178	126	75	463.0000
179	179	123	204	1042.0000
180	180	95	169	1476.0000
181	181	5	34	490.0000
182	182	128	170	1119.0000
183	183	114	26	788.0000
184	184	98	237	1112.0000
185	185	105	193	198.0000
186	186	47	166	1109.0000
187	187	99	2	27.0000
188	188	2	332	112.0000
189	189	79	194	554.0000
190	190	101	345	256.0000
191	191	19	363	1450.0000
192	192	13	476	26.0000
193	193	59	99	394.0000
194	194	11	127	396.0000
195	195	145	329	131.0000
196	196	89	496	543.0000
197	197	122	463	1073.0000
198	198	80	379	337.0000
199	199	49	187	750.0000
200	200	80	344	280.0000
201	201	67	402	1354.0000
202	202	28	377	1365.0000
203	203	8	188	560.0000
204	204	28	347	689.0000
205	205	43	168	309.0000
206	206	56	298	1203.0000
207	207	21	59	96.0000
208	208	2	230	1489.0000
209	209	17	406	1260.0000
210	210	114	224	728.0000
211	211	60	205	1139.0000
212	212	131	161	433.0000
213	213	121	102	145.0000
214	214	147	101	700.0000
215	215	23	17	889.0000
216	216	141	230	130.0000
217	217	51	38	335.0000
218	218	70	314	1475.0000
219	219	147	175	529.0000
220	220	55	497	1290.0000
221	221	102	494	1359.0000
222	222	23	40	876.0000
223	223	138	475	713.0000
224	224	92	349	520.0000
225	225	107	320	128.0000
226	226	101	195	1040.0000
227	227	135	10	1237.0000
228	228	134	463	581.0000
229	229	100	201	1289.0000
230	230	142	139	411.0000
231	231	103	401	216.0000
232	232	99	170	1274.0000
233	233	32	466	397.0000
234	234	10	180	1428.0000
235	235	5	296	1295.0000
236	236	11	158	803.0000
237	237	99	364	613.0000
238	238	119	483	1303.0000
239	239	40	318	93.0000
240	240	102	386	970.0000
241	241	132	215	1298.0000
242	242	121	83	606.0000
243	243	69	329	531.0000
244	244	38	457	1444.0000
245	245	84	228	490.0000
246	246	143	109	1280.0000
247	247	140	55	27.0000
248	248	99	447	868.0000
249	249	135	268	804.0000
250	250	143	156	283.0000
251	251	137	205	795.0000
252	252	17	74	50.0000
253	253	6	23	1157.0000
254	254	92	190	1266.0000
255	255	58	171	656.0000
256	256	26	215	1175.0000
257	257	6	149	300.0000
258	258	49	459	958.0000
259	259	146	363	403.0000
260	260	92	487	384.0000
261	261	121	305	610.0000
262	262	149	132	993.0000
263	263	75	17	1010.0000
264	264	116	328	523.0000
265	265	147	454	42.0000
266	266	107	337	1112.0000
267	267	91	64	486.0000
268	268	57	244	1106.0000
269	269	130	330	397.0000
270	270	105	12	179.0000
271	271	67	338	983.0000
272	272	11	239	28.0000
273	273	27	35	712.0000
274	274	91	422	486.0000
275	275	150	423	920.0000
276	276	130	226	263.0000
277	277	55	23	1406.0000
278	278	92	437	510.0000
279	279	75	43	1352.0000
280	280	132	169	576.0000
281	281	130	80	612.0000
282	282	16	138	782.0000
283	283	63	488	1348.0000
284	284	44	373	511.0000
285	285	80	338	112.0000
286	286	127	296	648.0000
287	287	148	308	157.0000
288	288	17	482	957.0000
289	289	55	436	119.0000
290	290	45	342	558.0000
291	291	135	388	910.0000
292	292	103	402	700.0000
293	293	22	364	1017.0000
294	294	8	173	922.0000
295	295	141	305	1030.0000
296	296	61	478	900.0000
297	297	141	85	929.0000
298	298	108	451	1328.0000
299	299	51	460	373.0000
300	300	69	209	715.0000
301	301	12	258	1037.0000
302	302	10	190	587.0000
303	303	94	263	1125.0000
304	304	23	179	503.0000
305	305	105	241	1431.0000
306	306	17	397	793.0000
307	307	17	66	609.0000
308	308	91	23	216.0000
309	309	86	424	581.0000
310	310	148	68	1213.0000
311	311	26	205	186.0000
312	312	24	470	418.0000
313	313	77	112	1325.0000
314	314	53	356	188.0000
315	315	73	130	1065.0000
316	316	16	113	180.0000
317	317	143	379	88.0000
318	318	112	321	581.0000
319	319	102	44	1000.0000
320	320	47	411	401.0000
321	321	28	351	857.0000
322	322	21	343	719.0000
323	323	145	136	423.0000
324	324	99	26	1209.0000
325	325	114	349	1390.0000
326	326	144	229	243.0000
327	327	61	174	250.0000
328	328	150	33	1330.0000
329	329	4	73	998.0000
330	330	56	462	778.0000
331	331	78	68	476.0000
332	332	12	105	1313.0000
333	333	1	41	369.0000
334	334	94	158	871.0000
335	335	85	464	285.0000
336	336	115	168	140.0000
337	337	99	100	318.0000
338	338	10	327	828.0000
339	339	101	409	788.0000
340	340	138	146	969.0000
341	341	98	234	344.0000
342	342	118	210	997.0000
343	343	41	323	1491.0000
344	344	66	353	469.0000
345	345	80	166	1371.0000
346	346	100	383	64.0000
347	347	92	71	1146.0000
348	348	81	496	1333.0000
349	349	104	431	519.0000
350	350	35	416	147.0000
351	351	20	496	962.0000
352	352	77	106	17.0000
353	353	138	159	31.0000
354	354	36	221	820.0000
355	355	135	278	884.0000
356	356	4	144	330.0000
357	357	126	6	1213.0000
358	358	121	24	828.0000
359	359	72	85	531.0000
360	360	84	466	205.0000
361	361	108	381	626.0000
362	362	24	64	702.0000
363	363	145	499	254.0000
364	364	121	421	727.0000
365	365	96	226	40.0000
366	366	114	2	47.0000
367	367	150	346	801.0000
368	368	100	467	915.0000
369	369	133	92	1146.0000
370	370	87	268	1117.0000
371	371	77	15	1103.0000
372	372	30	314	1431.0000
373	373	102	386	1023.0000
374	374	136	480	924.0000
375	375	47	245	583.0000
376	376	145	438	274.0000
377	377	115	240	99.0000
378	378	92	471	158.0000
379	379	36	426	23.0000
380	380	37	399	1417.0000
381	381	118	2	633.0000
382	382	117	371	1155.0000
383	383	18	7	986.0000
384	384	86	359	1139.0000
385	385	103	264	1422.0000
386	386	130	323	577.0000
387	387	110	293	600.0000
388	388	76	384	1430.0000
389	389	137	110	1061.0000
390	390	50	405	546.0000
391	391	44	40	822.0000
392	392	56	81	1307.0000
393	393	108	37	1388.0000
394	394	23	406	1101.0000
395	395	22	282	154.0000
396	396	32	155	537.0000
397	397	136	435	197.0000
398	398	148	414	932.0000
399	399	135	24	275.0000
400	400	102	442	802.0000
401	401	104	251	1372.0000
402	402	53	345	128.0000
403	403	21	457	870.0000
404	404	40	343	1318.0000
405	405	18	170	390.0000
406	406	47	379	230.0000
407	407	113	49	785.0000
408	408	66	254	72.0000
409	409	136	422	635.0000
410	410	98	37	126.0000
411	411	79	400	1279.0000
412	412	84	258	1110.0000
413	413	36	115	647.0000
414	414	86	456	686.0000
415	415	39	389	634.0000
416	416	97	331	968.0000
417	417	82	14	909.0000
418	418	125	369	997.0000
419	419	101	499	33.0000
420	420	18	10	378.0000
421	421	133	136	1082.0000
422	422	31	146	561.0000
423	423	37	65	454.0000
424	424	55	160	1493.0000
425	425	143	472	1314.0000
426	426	32	211	41.0000
427	427	48	245	399.0000
428	428	132	396	6.0000
429	429	30	181	165.0000
430	430	19	295	1338.0000
431	431	18	163	845.0000
432	432	41	334	664.0000
433	433	47	328	87.0000
434	434	98	236	563.0000
435	435	60	42	389.0000
436	436	2	154	1152.0000
437	437	144	13	249.0000
438	438	72	144	333.0000
439	439	81	286	1327.0000
440	440	76	18	1443.0000
441	441	49	308	1316.0000
442	442	7	345	303.0000
443	443	148	29	145.0000
444	444	72	22	1289.0000
445	445	37	36	102.0000
446	446	131	442	430.0000
447	447	133	439	179.0000
448	448	134	152	184.0000
449	449	12	262	350.0000
450	450	113	115	1451.0000
451	451	48	70	429.0000
452	452	2	430	1.0000
453	453	144	182	629.0000
454	454	59	169	17.0000
455	455	99	164	1335.0000
456	456	20	18	1399.0000
457	457	59	63	790.0000
458	458	123	414	273.0000
459	459	81	301	1007.0000
460	460	14	349	339.0000
461	461	102	445	845.0000
462	462	125	48	143.0000
463	463	65	92	186.0000
464	464	3	5	1013.0000
465	465	117	421	687.0000
466	466	55	89	610.0000
467	467	56	489	1014.0000
468	468	18	96	872.0000
469	469	93	137	1296.0000
470	470	122	187	1240.0000
471	471	132	75	1086.0000
472	472	125	62	456.0000
473	473	36	263	334.0000
474	474	129	395	495.0000
475	475	9	462	1487.0000
476	476	50	7	616.0000
477	477	125	270	622.0000
478	478	4	114	1300.0000
479	479	57	475	120.0000
480	480	120	91	263.0000
481	481	24	48	1410.0000
482	482	54	415	954.0000
483	483	103	284	224.0000
484	484	104	36	1213.0000
485	485	80	197	120.0000
486	486	134	24	943.0000
487	487	139	382	27.0000
488	488	103	337	1446.0000
489	489	25	144	476.0000
490	490	72	305	1409.0000
491	491	143	149	1028.0000
492	492	147	423	1084.0000
493	493	56	431	135.0000
494	494	67	37	121.0000
495	495	122	175	295.0000
496	496	82	162	903.0000
497	497	122	62	944.0000
498	498	127	116	1066.0000
499	499	82	286	1035.0000
500	500	131	135	947.0000
501	501	144	489	345.0000
502	502	8	123	437.0000
503	503	64	254	174.0000
504	504	5	326	490.0000
505	505	126	366	480.0000
506	506	98	340	640.0000
507	507	56	126	301.0000
508	508	36	149	33.0000
509	509	131	160	1114.0000
510	510	94	85	1186.0000
511	511	107	434	356.0000
512	512	91	376	18.0000
513	513	48	405	1211.0000
514	514	99	67	1217.0000
515	515	104	230	1156.0000
516	516	34	81	158.0000
517	517	89	230	92.0000
518	518	142	44	1348.0000
519	519	57	390	1472.0000
520	520	100	406	1099.0000
521	521	28	417	1246.0000
522	522	149	156	348.0000
523	523	135	151	1297.0000
524	524	76	249	71.0000
525	525	113	328	559.0000
526	526	52	458	1394.0000
527	527	43	257	40.0000
528	528	64	449	1094.0000
529	529	130	117	972.0000
530	530	129	459	431.0000
531	531	26	419	1151.0000
532	532	26	9	522.0000
533	533	45	483	655.0000
534	534	64	73	155.0000
535	535	4	441	34.0000
536	536	68	99	492.0000
537	537	47	65	724.0000
538	538	105	41	1351.0000
539	539	78	92	129.0000
540	540	65	154	92.0000
541	541	24	461	1373.0000
542	542	91	364	560.0000
543	543	12	236	1079.0000
544	544	66	318	861.0000
545	545	69	178	89.0000
546	546	65	494	1252.0000
547	547	78	103	26.0000
548	548	75	220	1452.0000
549	549	73	363	1251.0000
550	550	105	5	775.0000
551	551	60	60	865.0000
552	552	125	83	1156.0000
553	553	150	222	1189.0000
554	554	10	386	1041.0000
555	555	70	408	1069.0000
556	556	17	7	492.0000
557	557	118	352	662.0000
558	558	73	263	687.0000
559	559	23	277	585.0000
560	560	115	87	10.0000
561	561	65	34	19.0000
562	562	2	60	777.0000
563	563	123	372	1279.0000
564	564	47	420	512.0000
565	565	70	474	592.0000
566	566	135	68	847.0000
567	567	71	146	616.0000
568	568	95	35	49.0000
569	569	82	276	361.0000
570	570	77	147	50.0000
571	571	121	37	1000.0000
572	572	86	3	535.0000
573	573	139	370	1150.0000
574	574	103	334	605.0000
575	575	108	33	1034.0000
576	576	48	24	656.0000
577	577	120	410	929.0000
578	578	21	289	1246.0000
579	579	64	422	590.0000
580	580	6	295	189.0000
581	581	55	464	862.0000
582	582	20	495	1129.0000
583	583	129	473	1080.0000
584	584	35	356	212.0000
585	585	93	195	724.0000
586	586	52	452	313.0000
587	587	49	146	105.0000
588	588	83	120	1088.0000
589	589	97	489	1118.0000
590	590	47	123	30.0000
591	591	131	391	507.0000
592	592	12	319	977.0000
593	593	127	410	79.0000
594	594	141	240	128.0000
595	595	21	117	107.0000
596	596	11	417	1153.0000
597	597	102	174	1031.0000
598	598	7	183	68.0000
599	599	115	303	203.0000
600	600	104	181	774.0000
601	601	49	119	1387.0000
602	602	3	53	471.0000
603	603	48	462	1428.0000
604	604	128	49	1119.0000
605	605	127	386	855.0000
606	606	48	438	1259.0000
607	607	33	362	938.0000
608	608	136	220	1105.0000
609	609	56	363	378.0000
610	610	39	55	124.0000
611	611	114	209	886.0000
612	612	145	65	1074.0000
613	613	8	39	529.0000
614	614	24	445	165.0000
615	615	116	326	587.0000
616	616	77	266	1133.0000
617	617	118	426	606.0000
618	618	74	363	879.0000
619	619	91	223	486.0000
620	620	131	85	1039.0000
621	621	23	454	1059.0000
622	622	49	293	359.0000
623	623	48	406	1463.0000
624	624	98	180	364.0000
625	625	77	43	500.0000
626	626	19	484	35.0000
627	627	44	255	1129.0000
628	628	33	374	116.0000
629	629	118	234	1366.0000
630	630	119	268	299.0000
631	631	16	228	1229.0000
632	632	48	221	1167.0000
633	633	77	353	241.0000
634	634	18	84	1019.0000
635	635	69	341	1482.0000
636	636	129	275	769.0000
637	637	107	493	1420.0000
638	638	13	243	814.0000
639	639	111	214	546.0000
640	640	64	37	776.0000
641	641	148	492	1321.0000
642	642	116	118	579.0000
643	643	115	29	386.0000
644	644	97	288	1078.0000
645	645	109	392	1015.0000
646	646	121	68	489.0000
647	647	105	363	1196.0000
648	648	1	190	63.0000
649	649	13	312	1053.0000
650	650	5	95	833.0000
651	651	13	459	468.0000
652	652	141	8	1103.0000
653	653	56	455	6.0000
654	654	71	48	1322.0000
655	655	136	349	884.0000
656	656	49	142	374.0000
657	657	134	305	333.0000
658	658	44	142	1004.0000
659	659	143	402	1451.0000
660	660	130	327	824.0000
661	661	77	135	602.0000
662	662	90	198	697.0000
663	663	23	357	1121.0000
664	664	88	361	956.0000
665	665	70	488	1220.0000
666	666	91	15	1162.0000
667	667	24	13	859.0000
668	668	92	335	1061.0000
669	669	37	493	419.0000
670	670	68	434	1002.0000
671	671	22	130	317.0000
672	672	122	291	556.0000
673	673	145	205	119.0000
674	674	87	178	18.0000
675	675	22	151	500.0000
676	676	22	225	1253.0000
677	677	61	113	18.0000
678	678	98	310	1445.0000
679	679	43	219	1430.0000
680	680	98	41	1230.0000
681	681	120	157	92.0000
682	682	99	16	940.0000
683	683	84	217	1155.0000
684	684	137	209	950.0000
685	685	124	236	1229.0000
686	686	123	163	1220.0000
687	687	31	164	79.0000
688	688	83	267	497.0000
689	689	108	319	1123.0000
690	690	140	86	700.0000
691	691	85	197	470.0000
692	692	22	416	1038.0000
693	693	133	375	983.0000
694	694	118	51	1028.0000
695	695	34	468	622.0000
696	696	45	194	357.0000
697	697	10	37	135.0000
698	698	107	356	1370.0000
699	699	25	499	86.0000
700	700	6	148	323.0000
701	701	54	79	813.0000
702	702	67	261	316.0000
703	703	65	73	171.0000
704	704	23	184	1174.0000
705	705	141	334	68.0000
706	706	60	444	478.0000
707	707	42	372	1171.0000
708	708	82	318	1053.0000
709	709	3	183	589.0000
710	710	76	54	929.0000
711	711	82	249	66.0000
712	712	76	40	909.0000
713	713	56	307	95.0000
714	714	74	325	239.0000
715	715	124	173	77.0000
716	716	34	233	437.0000
717	717	120	446	279.0000
718	718	14	205	1353.0000
719	719	73	71	1.0000
720	720	68	458	1262.0000
721	721	103	198	243.0000
722	722	139	245	1483.0000
723	723	43	182	218.0000
724	724	104	466	121.0000
725	725	131	231	700.0000
726	726	80	399	275.0000
727	727	113	31	1011.0000
728	728	126	249	840.0000
729	729	29	356	1487.0000
730	730	125	127	359.0000
731	731	26	330	239.0000
732	732	122	55	1450.0000
733	733	96	218	1451.0000
734	734	125	304	1399.0000
735	735	17	69	1119.0000
736	736	147	129	69.0000
737	737	24	125	1384.0000
738	738	57	373	1416.0000
739	739	18	129	133.0000
740	740	16	201	78.0000
741	741	45	283	768.0000
742	742	80	223	1050.0000
743	743	23	47	333.0000
744	744	122	134	1484.0000
745	745	115	135	855.0000
746	746	71	71	1135.0000
747	747	75	340	1321.0000
748	748	76	343	243.0000
749	749	83	263	1000.0000
750	750	120	144	1056.0000
751	751	4	139	486.0000
752	752	119	463	1215.0000
753	753	123	390	809.0000
754	754	50	320	856.0000
755	755	1	490	122.0000
756	756	23	26	177.0000
757	757	114	294	626.0000
758	758	146	458	1096.0000
759	759	139	33	583.0000
760	760	59	61	521.0000
761	761	81	294	1366.0000
762	762	89	308	1461.0000
763	763	135	215	538.0000
764	764	103	265	778.0000
765	765	5	243	586.0000
766	766	72	276	401.0000
767	767	81	117	1384.0000
768	768	66	271	25.0000
769	769	145	22	610.0000
770	770	38	201	732.0000
771	771	50	40	156.0000
772	772	35	245	314.0000
773	773	10	153	1291.0000
774	774	20	212	224.0000
775	775	72	2	1147.0000
776	776	71	129	988.0000
777	777	51	308	17.0000
778	778	6	239	602.0000
779	779	28	468	909.0000
780	780	131	161	1007.0000
781	781	18	72	583.0000
782	782	103	125	319.0000
783	783	8	89	1202.0000
784	784	115	193	1351.0000
785	785	122	133	119.0000
786	786	41	65	727.0000
787	787	5	414	730.0000
788	788	130	380	1389.0000
789	789	25	25	108.0000
790	790	47	35	494.0000
791	791	139	405	1300.0000
792	792	134	347	8.0000
793	793	22	132	1082.0000
794	794	91	332	774.0000
795	795	24	104	792.0000
796	796	141	110	791.0000
797	797	49	240	623.0000
798	798	114	170	1275.0000
799	799	88	67	398.0000
800	800	77	328	989.0000
801	801	109	339	1251.0000
802	802	68	410	536.0000
803	803	52	46	1216.0000
804	804	70	485	33.0000
805	805	145	194	650.0000
806	806	3	294	1094.0000
807	807	54	48	428.0000
808	808	46	407	413.0000
809	809	64	139	934.0000
810	810	132	207	38.0000
811	811	13	444	1231.0000
812	812	7	498	714.0000
813	813	10	494	1318.0000
814	814	73	158	160.0000
815	815	75	89	1385.0000
816	816	61	46	1295.0000
817	817	103	494	954.0000
818	818	148	16	820.0000
819	819	79	417	1184.0000
820	820	138	321	1457.0000
821	821	112	201	832.0000
822	822	47	226	659.0000
823	823	138	194	887.0000
824	824	15	135	414.0000
825	825	144	104	1440.0000
826	826	18	14	17.0000
827	827	122	426	1379.0000
828	828	130	397	458.0000
829	829	29	465	1215.0000
830	830	102	80	311.0000
831	831	7	351	235.0000
832	832	62	426	918.0000
833	833	106	279	544.0000
834	834	19	229	592.0000
835	835	31	214	297.0000
836	836	13	353	703.0000
837	837	22	131	508.0000
838	838	150	229	794.0000
839	839	150	466	1176.0000
840	840	106	341	1491.0000
841	841	32	266	795.0000
842	842	99	429	828.0000
843	843	22	267	1066.0000
844	844	106	197	1104.0000
845	845	94	58	186.0000
846	846	70	65	496.0000
847	847	88	7	1061.0000
848	848	66	381	233.0000
849	849	112	394	458.0000
850	850	127	419	1410.0000
851	851	37	499	1087.0000
852	852	35	29	1064.0000
853	853	17	337	1121.0000
854	854	65	109	1084.0000
855	855	9	428	495.0000
856	856	102	174	1015.0000
857	857	48	118	556.0000
858	858	47	71	994.0000
859	859	31	236	1348.0000
860	860	21	244	128.0000
861	861	130	259	160.0000
862	862	19	440	46.0000
863	863	61	90	1060.0000
864	864	56	74	177.0000
865	865	72	218	991.0000
866	866	66	254	1088.0000
867	867	18	368	320.0000
868	868	29	221	1263.0000
869	869	139	170	876.0000
870	870	36	455	1429.0000
871	871	93	106	741.0000
872	872	74	253	65.0000
873	873	142	49	1213.0000
874	874	29	5	206.0000
875	875	60	171	1041.0000
876	876	38	313	390.0000
877	877	28	152	957.0000
878	878	62	78	1083.0000
879	879	131	288	744.0000
880	880	94	390	168.0000
881	881	129	314	1191.0000
882	882	138	154	800.0000
883	883	64	228	399.0000
884	884	115	8	1088.0000
885	885	137	126	867.0000
886	886	59	85	1371.0000
887	887	38	444	138.0000
888	888	10	318	1297.0000
889	889	103	74	682.0000
890	890	130	372	1101.0000
891	891	129	338	229.0000
892	892	22	145	1041.0000
893	893	127	460	71.0000
894	894	109	136	395.0000
895	895	112	299	747.0000
896	896	17	376	2.0000
897	897	143	455	554.0000
898	898	28	261	1349.0000
899	899	64	106	531.0000
900	900	7	292	1136.0000
901	901	137	311	1290.0000
902	902	27	212	731.0000
903	903	68	112	1297.0000
904	904	18	453	1020.0000
905	905	135	232	46.0000
906	906	71	424	732.0000
907	907	113	150	428.0000
908	908	61	55	976.0000
909	909	122	476	1110.0000
910	910	120	97	976.0000
911	911	76	47	1174.0000
912	912	70	45	1001.0000
913	913	10	341	913.0000
914	914	29	477	564.0000
915	915	90	82	601.0000
916	916	49	444	566.0000
917	917	135	17	1430.0000
918	918	11	216	1265.0000
919	919	69	221	57.0000
920	920	57	121	1272.0000
921	921	59	412	1444.0000
922	922	54	434	1057.0000
923	923	125	486	898.0000
924	924	93	9	214.0000
925	925	24	446	1473.0000
926	926	95	338	767.0000
927	927	10	230	351.0000
928	928	110	230	8.0000
929	929	60	460	957.0000
930	930	96	59	1133.0000
931	931	118	152	54.0000
932	932	65	368	1472.0000
933	933	116	467	396.0000
934	934	7	47	893.0000
935	935	42	31	386.0000
936	936	44	413	432.0000
937	937	5	49	280.0000
938	938	68	471	1341.0000
939	939	112	278	1180.0000
940	940	37	75	1171.0000
941	941	137	17	543.0000
942	942	116	325	1407.0000
943	943	62	444	1498.0000
944	944	45	200	1224.0000
945	945	128	320	831.0000
946	946	119	305	235.0000
947	947	4	267	1386.0000
948	948	83	378	1009.0000
949	949	99	395	1172.0000
950	950	125	415	612.0000
951	951	29	270	1446.0000
952	952	53	91	1325.0000
953	953	112	417	1204.0000
954	954	33	235	514.0000
955	955	68	211	893.0000
956	956	19	371	1026.0000
957	957	33	105	1465.0000
958	958	9	474	321.0000
959	959	125	249	1494.0000
960	960	118	228	777.0000
961	961	14	351	830.0000
962	962	85	5	994.0000
963	963	90	219	71.0000
964	964	117	71	5.0000
965	965	78	491	1237.0000
966	966	48	11	935.0000
967	967	58	273	75.0000
968	968	96	249	775.0000
969	969	85	494	241.0000
970	970	90	375	1218.0000
971	971	48	191	1174.0000
972	972	19	227	382.0000
973	973	141	30	1261.0000
974	974	82	229	662.0000
975	975	63	55	390.0000
976	976	110	268	1188.0000
977	977	139	191	544.0000
978	978	145	282	1407.0000
979	979	105	13	417.0000
980	980	31	407	677.0000
981	981	77	227	893.0000
982	982	95	341	252.0000
983	983	28	101	1033.0000
984	984	104	287	35.0000
985	985	73	307	792.0000
986	986	130	231	894.0000
987	987	109	297	932.0000
988	988	112	129	1335.0000
989	989	147	323	1112.0000
990	990	114	47	983.0000
991	991	21	392	1409.0000
992	992	63	115	1078.0000
993	993	36	205	722.0000
994	994	120	124	1481.0000
995	995	7	295	140.0000
996	996	59	45	1154.0000
997	997	7	177	1326.0000
998	998	103	323	1101.0000
999	999	62	360	500.0000
1000	1000	75	62	926.0000
\.


--
-- Data for Name: income; Type: TABLE DATA; Schema: public; Owner: postgres
--

COPY public.income (id, ddate, ndoc, client, storage) FROM stdin;
1	2020-01-01	814	4	4
2	2020-01-01	93	69	6
3	2020-01-01	380	83	6
4	2020-01-01	205	77	9
5	2020-01-02	504	65	1
6	2020-01-02	322	90	8
7	2020-01-02	855	96	8
8	2020-01-03	355	43	9
9	2020-01-03	247	48	10
10	2020-01-04	596	78	4
11	2020-01-04	964	47	6
12	2020-01-04	275	54	8
13	2020-01-04	586	66	6
14	2020-01-05	524	95	5
15	2020-01-05	886	18	2
16	2020-01-05	542	5	9
17	2020-01-05	669	80	2
18	2020-01-06	499	92	4
19	2020-01-06	473	12	3
20	2020-01-06	388	34	1
21	2020-01-07	70	51	4
22	2020-01-07	365	47	10
23	2020-01-07	452	30	4
24	2020-01-07	729	95	4
25	2020-01-08	908	71	3
26	2020-01-08	135	78	2
27	2020-01-08	212	42	10
28	2020-01-08	75	12	6
29	2020-01-08	764	73	1
30	2020-01-09	368	75	10
31	2020-01-09	250	90	4
32	2020-01-09	62	69	8
33	2020-01-10	256	92	8
34	2020-01-11	6	83	3
35	2020-01-11	99	23	4
36	2020-01-11	134	66	7
37	2020-01-12	281	49	5
38	2020-01-12	124	29	3
39	2020-01-12	326	43	5
40	2020-01-12	280	1	1
41	2020-01-13	295	63	7
42	2020-01-13	64	12	8
43	2020-01-13	111	97	7
44	2020-01-13	614	96	7
45	2020-01-13	340	79	6
46	2020-01-14	952	4	4
47	2020-01-15	583	78	2
48	2020-01-15	958	33	6
49	2020-01-15	772	93	6
50	2020-01-15	5	35	8
51	2020-01-15	59	99	9
52	2020-01-16	274	33	5
53	2020-01-16	619	23	9
54	2020-01-16	892	60	5
55	2020-01-16	695	77	3
56	2020-01-17	782	35	10
57	2020-01-17	592	3	9
58	2020-01-17	145	35	10
59	2020-01-17	743	96	6
60	2020-01-18	956	90	7
61	2020-01-19	571	8	2
62	2020-01-19	897	83	3
63	2020-01-19	20	67	1
64	2020-01-19	539	47	7
65	2020-01-20	587	81	5
66	2020-01-21	852	84	1
67	2020-01-21	17	60	2
68	2020-01-21	30	3	7
69	2020-01-22	47	27	1
70	2020-01-22	893	44	10
71	2020-01-22	994	95	3
72	2020-01-22	132	31	1
73	2020-01-22	775	33	3
74	2020-01-23	470	87	6
75	2020-01-23	412	70	6
76	2020-01-23	522	33	2
77	2020-01-24	999	51	3
78	2020-01-24	168	57	5
79	2020-01-24	214	52	7
80	2020-01-25	869	83	1
81	2020-01-26	921	85	1
82	2020-01-26	296	100	1
83	2020-01-27	646	80	9
84	2020-01-27	981	87	4
85	2020-01-27	357	77	1
86	2020-01-27	972	40	3
87	2020-01-28	15	61	10
88	2020-01-28	698	60	8
89	2020-01-28	638	49	1
90	2020-01-28	497	64	9
91	2020-01-29	616	5	1
92	2020-01-29	120	5	1
93	2020-01-29	358	30	9
94	2020-01-30	797	30	8
95	2020-01-30	552	75	6
96	2020-01-31	419	41	3
97	2020-01-31	109	79	2
98	2020-02-01	180	56	10
99	2020-02-01	198	91	1
100	2020-02-01	790	90	8
101	2020-02-02	179	39	3
102	2020-02-02	433	53	10
103	2020-02-03	425	31	9
104	2020-02-04	740	10	4
105	2020-02-04	344	84	1
106	2020-02-04	541	32	1
107	2020-02-04	286	54	10
108	2020-02-06	121	43	2
109	2020-02-06	866	22	9
110	2020-02-06	469	66	1
111	2020-02-07	778	45	2
112	2020-02-08	338	95	6
113	2020-02-09	783	68	2
114	2020-02-09	453	1	2
115	2020-02-10	800	68	3
116	2020-02-10	628	5	3
117	2020-02-10	254	79	9
118	2020-02-10	997	20	5
119	2020-02-12	605	8	3
120	2020-02-12	157	11	10
121	2020-02-12	42	63	9
122	2020-02-13	375	41	3
123	2020-02-13	397	76	10
124	2020-02-14	161	42	3
125	2020-02-15	976	53	8
126	2020-02-15	884	21	2
127	2020-02-15	856	3	10
128	2020-02-15	166	51	3
129	2020-02-16	658	46	5
130	2020-02-17	183	84	5
131	2020-02-17	503	77	5
132	2020-02-18	260	51	1
133	2020-02-18	589	96	2
134	2020-02-19	898	22	6
135	2020-02-19	815	68	8
136	2020-02-19	159	87	9
137	2020-02-20	697	58	10
138	2020-02-21	975	41	3
139	2020-02-22	435	14	5
140	2020-02-23	531	14	9
141	2020-02-23	818	7	4
142	2020-02-23	230	35	1
143	2020-02-23	265	93	1
144	2020-02-24	854	9	9
145	2020-02-24	287	6	2
146	2020-02-24	629	73	1
147	2020-02-24	751	84	9
148	2020-02-25	661	64	10
149	2020-02-25	520	92	5
150	2020-02-25	233	78	2
151	2020-02-25	823	60	9
152	2020-02-25	292	61	10
153	2020-02-26	226	51	9
154	2020-02-26	18	63	6
155	2020-02-27	461	57	7
156	2020-02-27	561	9	1
157	2020-02-28	394	100	2
158	2020-02-28	148	16	7
159	2020-02-28	900	75	8
160	2020-02-29	401	36	7
161	2020-02-29	754	74	5
162	2020-02-29	736	57	8
163	2020-02-29	440	68	6
164	2020-02-29	189	83	6
165	2020-02-29	270	8	8
166	2020-02-29	298	80	8
167	2020-03-01	530	79	10
168	2020-03-01	424	71	2
169	2020-03-01	727	58	9
170	2020-03-01	767	55	6
171	2020-03-01	353	33	5
172	2020-03-01	49	27	8
173	2020-03-02	885	59	2
174	2020-03-02	85	55	9
175	2020-03-02	653	32	3
176	2020-03-02	208	3	6
177	2020-03-03	444	15	9
178	2020-03-03	819	85	6
179	2020-03-04	577	62	9
180	2020-03-04	730	69	8
181	2020-03-04	712	75	5
182	2020-03-05	784	65	10
183	2020-03-06	352	94	2
184	2020-03-06	127	7	2
185	2020-03-06	768	96	8
186	2020-03-06	553	89	4
187	2020-03-06	330	79	10
188	2020-03-06	86	28	3
189	2020-03-06	228	55	6
190	2020-03-07	407	66	1
191	2020-03-07	834	59	9
192	2020-03-07	987	34	4
193	2020-03-07	342	47	8
194	2020-03-09	423	80	4
195	2020-03-09	276	19	2
196	2020-03-09	448	86	9
197	2020-03-09	176	94	6
198	2020-03-10	789	55	4
199	2020-03-10	728	26	6
200	2020-03-10	779	96	5
201	2020-03-10	700	65	2
202	2020-03-10	578	14	3
203	2020-03-10	174	81	6
204	2020-03-11	31	11	1
205	2020-03-11	810	32	5
206	2020-03-12	781	93	6
207	2020-03-12	598	43	3
208	2020-03-12	950	1	5
209	2020-03-12	630	29	10
210	2020-03-13	955	5	3
211	2020-03-13	317	79	5
212	2020-03-13	172	45	6
213	2020-03-14	71	78	3
214	2020-03-14	465	54	10
215	2020-03-14	739	65	5
216	2020-03-15	351	99	4
217	2020-03-16	406	77	10
218	2020-03-17	244	3	5
219	2020-03-18	398	35	8
220	2020-03-18	639	47	2
221	2020-03-19	677	98	6
222	2020-03-19	509	45	9
223	2020-03-19	364	100	3
224	2020-03-20	991	92	8
225	2020-03-21	102	59	8
226	2020-03-22	637	59	8
227	2020-03-22	532	60	3
228	2020-03-24	393	87	8
229	2020-03-24	645	34	5
230	2020-03-24	528	43	8
231	2020-03-24	600	33	9
232	2020-03-24	409	28	9
233	2020-03-25	591	33	1
234	2020-03-25	537	50	4
235	2020-03-26	774	15	5
236	2020-03-26	220	50	6
237	2020-03-26	735	66	6
238	2020-03-27	948	52	3
239	2020-03-27	773	99	8
240	2020-03-27	511	9	6
241	2020-03-27	544	64	10
242	2020-03-27	479	68	1
243	2020-03-27	796	5	5
244	2020-03-28	167	8	10
245	2020-03-28	557	72	10
246	2020-03-29	977	92	6
247	2020-03-29	887	2	3
248	2020-03-30	152	38	8
249	2020-04-01	568	93	10
250	2020-04-01	245	34	1
251	2020-04-01	413	49	10
252	2020-04-02	758	46	5
253	2020-04-02	734	33	9
254	2020-04-03	117	31	3
255	2020-04-03	581	65	10
256	2020-04-04	870	18	6
257	2020-04-04	87	11	5
258	2020-04-04	623	30	8
259	2020-04-04	378	54	5
260	2020-04-06	714	80	7
261	2020-04-06	965	15	2
262	2020-04-06	325	78	4
263	2020-04-07	395	28	4
264	2020-04-07	963	31	7
265	2020-04-08	467	84	10
266	2020-04-08	143	21	6
267	2020-04-08	331	98	7
268	2020-04-09	937	72	4
269	2020-04-09	460	98	10
270	2020-04-09	91	69	4
271	2020-04-09	847	4	5
272	2020-04-10	324	23	3
273	2020-04-10	877	40	10
274	2020-04-10	293	68	9
275	2020-04-10	701	82	3
276	2020-04-10	450	99	10
277	2020-04-11	766	91	1
278	2020-04-13	264	8	9
279	2020-04-13	865	91	2
280	2020-04-13	76	46	8
281	2020-04-13	512	78	5
282	2020-04-13	820	18	6
283	2020-04-14	84	28	2
284	2020-04-14	417	80	1
285	2020-04-14	34	84	1
286	2020-04-15	515	85	10
287	2020-04-15	551	97	4
288	2020-04-15	65	10	5
289	2020-04-15	217	89	2
290	2020-04-16	456	51	9
291	2020-04-16	960	33	4
292	2020-04-16	432	73	6
293	2020-04-17	383	24	9
294	2020-04-17	492	48	4
295	2020-04-17	901	95	3
296	2020-04-17	716	8	6
297	2020-04-17	25	84	2
298	2020-04-18	122	29	10
299	2020-04-19	565	45	8
300	2020-04-19	723	17	1
301	2020-04-19	63	93	6
302	2020-04-20	671	86	8
303	2020-04-20	995	75	1
304	2020-04-20	998	5	10
305	2020-04-20	333	89	7
306	2020-04-21	285	37	5
307	2020-04-21	310	1	4
308	2020-04-22	95	1	8
309	2020-04-22	21	79	7
310	2020-04-23	139	25	9
311	2020-04-23	36	42	10
312	2020-04-23	40	95	9
313	2020-04-23	545	63	8
314	2020-04-24	289	97	8
315	2020-04-24	370	47	6
316	2020-04-24	291	4	6
317	2020-04-26	670	85	3
318	2020-04-26	305	64	9
319	2020-04-27	940	17	9
320	2020-04-27	35	64	10
321	2020-04-28	45	77	10
322	2020-04-28	457	52	7
323	2020-04-28	113	57	9
324	2020-04-29	708	12	8
325	2020-04-29	299	2	2
326	2020-04-29	302	18	2
327	2020-04-30	574	66	5
328	2020-04-30	441	89	1
329	2020-04-30	69	5	8
330	2020-04-30	635	95	10
331	2020-05-01	46	44	1
332	2020-05-01	236	82	3
333	2020-05-02	672	89	7
334	2020-05-02	431	30	3
335	2020-05-03	392	34	2
336	2020-05-03	78	48	8
337	2020-05-04	755	66	2
338	2020-05-04	485	9	6
339	2020-05-04	791	55	6
340	2020-05-05	472	45	6
341	2020-05-05	169	23	3
342	2020-05-05	752	99	1
343	2020-05-05	722	94	9
344	2020-05-06	458	32	1
345	2020-05-06	7	72	4
346	2020-05-06	750	40	10
347	2020-05-06	890	97	5
348	2020-05-06	408	12	4
349	2020-05-06	410	17	10
350	2020-05-06	421	88	8
351	2020-05-07	271	47	2
352	2020-05-07	222	51	7
353	2020-05-07	525	24	8
354	2020-05-07	636	60	4
355	2020-05-08	123	42	3
356	2020-05-08	678	46	4
357	2020-05-09	874	30	8
358	2020-05-09	153	83	1
359	2020-05-09	941	47	4
360	2020-05-10	631	69	7
361	2020-05-10	486	38	6
362	2020-05-11	498	74	2
363	2020-05-12	215	29	2
364	2020-05-13	138	88	2
365	2020-05-13	178	68	1
366	2020-05-13	255	89	10
367	2020-05-13	742	45	4
368	2020-05-15	426	92	2
369	2020-05-16	362	16	8
370	2020-05-16	354	91	6
371	2020-05-16	918	65	8
372	2020-05-17	738	35	2
373	2020-05-17	508	21	6
374	2020-05-17	579	33	5
375	2020-05-17	703	81	1
376	2020-05-18	836	6	6
377	2020-05-18	769	11	3
378	2020-05-19	576	63	6
379	2020-05-19	919	66	3
380	2020-05-20	308	100	2
381	2020-05-20	373	32	3
382	2020-05-20	73	48	4
383	2020-05-20	559	79	10
384	2020-05-20	517	9	1
385	2020-05-21	204	31	9
386	2020-05-21	16	52	9
387	2020-05-22	644	69	5
388	2020-05-22	404	78	3
389	2020-05-22	321	6	8
390	2020-05-22	272	60	5
391	2020-05-22	356	77	5
392	2020-05-23	807	52	7
393	2020-05-23	186	78	5
394	2020-05-24	229	100	4
395	2020-05-24	935	36	8
396	2020-05-24	12	80	10
397	2020-05-25	853	52	10
398	2020-05-26	668	20	3
399	2020-05-26	493	17	4
400	2020-05-26	207	48	7
401	2020-05-26	90	35	2
402	2020-05-27	316	50	5
403	2020-05-27	24	20	9
404	2020-05-28	243	87	8
405	2020-05-29	335	3	6
406	2020-05-29	566	53	5
407	2020-05-29	913	49	7
408	2020-05-29	868	53	6
409	2020-05-29	112	62	4
410	2020-05-30	341	20	8
411	2020-05-30	613	74	1
412	2020-05-30	806	97	10
413	2020-05-30	481	93	2
414	2020-05-30	688	62	9
415	2020-05-30	990	30	3
416	2020-05-30	303	17	1
417	2020-05-31	792	36	6
418	2020-05-31	480	80	4
419	2020-06-01	858	66	7
420	2020-06-02	487	59	3
421	2020-06-03	624	84	7
422	2020-06-04	155	73	10
423	2020-06-04	529	82	1
424	2020-06-04	53	50	3
425	2020-06-04	221	12	1
426	2020-06-04	686	50	4
427	2020-06-04	608	96	5
428	2020-06-05	367	94	2
429	2020-06-05	97	10	1
430	2020-06-06	526	64	2
431	2020-06-06	311	36	3
432	2020-06-07	939	8	2
433	2020-06-07	659	75	5
434	2020-06-08	826	9	1
435	2020-06-09	871	21	4
436	2020-06-09	652	29	7
437	2020-06-09	41	86	3
438	2020-06-09	513	70	4
439	2020-06-10	19	25	4
440	2020-06-10	746	87	8
441	2020-06-11	709	82	4
442	2020-06-11	904	90	5
443	2020-06-11	832	17	8
444	2020-06-12	733	43	5
445	2020-06-12	158	25	1
446	2020-06-12	125	79	10
447	2020-06-13	39	67	2
448	2020-06-13	447	31	2
449	2020-06-14	674	57	1
450	2020-06-15	115	98	1
451	2020-06-15	741	59	10
452	2020-06-16	427	92	10
453	2020-06-16	80	52	6
454	2020-06-17	223	42	3
455	2020-06-17	471	24	10
456	2020-06-18	482	67	7
457	2020-06-18	973	64	3
458	2020-06-18	360	56	8
459	2020-06-19	640	6	4
460	2020-06-19	22	5	2
461	2020-06-19	707	54	7
462	2020-06-19	51	99	8
463	2020-06-20	607	91	9
464	2020-06-21	60	12	9
465	2020-06-21	959	14	7
466	2020-06-21	567	60	4
467	2020-06-21	816	73	10
468	2020-06-21	459	31	4
469	2020-06-21	704	20	8
470	2020-06-22	745	30	6
471	2020-06-23	676	95	6
472	2020-06-24	312	74	3
473	2020-06-24	278	51	3
474	2020-06-24	683	21	1
475	2020-06-24	945	52	3
476	2020-06-25	170	71	8
477	2020-06-25	257	7	7
478	2020-06-26	929	90	10
479	2020-06-27	760	68	7
480	2020-06-27	572	35	10
481	2020-06-27	463	25	6
482	2020-06-28	403	34	2
483	2020-06-28	26	56	6
484	2020-06-28	163	30	2
485	2020-06-29	400	78	2
486	2020-06-29	912	86	7
487	2020-06-29	130	33	2
488	2020-06-29	44	61	3
489	2020-06-29	558	39	9
490	2020-06-30	675	30	10
491	2020-06-30	210	66	5
492	2020-06-30	505	96	2
493	2020-06-30	888	24	7
494	2020-07-01	906	28	6
495	2020-07-02	719	25	5
496	2020-07-02	396	80	4
497	2020-07-03	501	78	10
498	2020-07-03	50	72	7
499	2020-07-03	237	63	3
500	2020-07-04	218	43	9
501	2020-07-05	626	81	8
502	2020-07-05	466	87	1
503	2020-07-05	323	61	7
504	2020-07-05	799	83	6
505	2020-07-05	618	51	1
506	2020-07-06	693	67	1
507	2020-07-07	402	66	8
508	2020-07-08	651	46	1
509	2020-07-08	182	73	10
510	2020-07-08	415	52	6
511	2020-07-08	187	24	5
512	2020-07-08	809	29	6
513	2020-07-08	662	79	7
514	2020-07-09	696	84	4
515	2020-07-09	907	13	10
516	2020-07-10	313	71	5
517	2020-07-11	430	47	5
518	2020-07-11	556	60	8
519	2020-07-11	947	59	3
520	2020-07-11	899	97	10
521	2020-07-12	685	16	5
522	2020-07-12	627	19	1
523	2020-07-12	390	97	10
524	2020-07-12	137	19	1
525	2020-07-13	969	50	10
526	2020-07-13	731	54	3
527	2020-07-13	648	36	3
528	2020-07-13	570	15	1
529	2020-07-13	258	19	9
530	2020-07-14	844	88	6
531	2020-07-14	604	42	9
532	2020-07-14	374	79	1
533	2020-07-14	780	40	6
534	2020-07-14	263	100	1
535	2020-07-14	195	14	3
536	2020-07-15	429	88	4
537	2020-07-15	585	30	8
538	2020-07-15	8	14	5
539	2020-07-15	993	95	8
540	2020-07-15	983	43	4
541	2020-07-16	381	51	3
542	2020-07-16	632	93	1
543	2020-07-16	252	22	7
544	2020-07-16	967	39	8
545	2020-07-16	454	97	2
546	2020-07-17	606	21	3
547	2020-07-17	418	47	6
548	2020-07-17	936	41	6
549	2020-07-17	136	10	2
550	2020-07-18	446	18	3
551	2020-07-18	654	90	6
552	2020-07-18	436	61	9
553	2020-07-19	949	43	5
554	2020-07-19	96	83	4
555	2020-07-19	438	53	6
556	2020-07-20	328	2	6
557	2020-07-21	673	65	6
558	2020-07-21	788	28	8
559	2020-07-22	538	7	4
560	2020-07-23	1000	14	5
561	2020-07-23	67	100	5
562	2020-07-23	119	17	2
563	2020-07-24	988	84	6
564	2020-07-24	376	65	5
565	2020-07-25	710	34	1
566	2020-07-25	718	49	1
567	2020-07-26	805	77	5
568	2020-07-26	488	20	3
569	2020-07-26	922	90	4
570	2020-07-26	749	52	5
571	2020-07-27	434	40	5
572	2020-07-27	239	42	6
573	2020-07-27	864	1	1
574	2020-07-27	88	12	10
575	2020-07-27	175	17	4
576	2020-07-27	146	95	5
577	2020-07-28	1	58	2
578	2020-07-28	612	5	5
579	2020-07-28	141	68	10
580	2020-07-29	992	65	4
581	2020-07-29	379	85	3
582	2020-07-30	107	92	9
583	2020-07-31	954	96	2
584	2020-07-31	547	91	8
585	2020-07-31	705	25	1
586	2020-08-01	825	33	7
587	2020-08-01	850	47	5
588	2020-08-02	231	83	7
589	2020-08-02	996	69	10
590	2020-08-02	234	99	5
591	2020-08-02	724	93	3
592	2020-08-03	266	47	7
593	2020-08-03	171	82	7
594	2020-08-03	682	57	7
595	2020-08-04	711	33	8
596	2020-08-04	363	70	3
597	2020-08-04	320	67	1
598	2020-08-05	13	66	1
599	2020-08-06	931	34	2
600	2020-08-06	192	87	3
601	2020-08-07	449	50	9
602	2020-08-07	495	74	6
603	2020-08-07	564	18	10
604	2020-08-08	889	8	10
605	2020-08-08	756	29	8
606	2020-08-08	620	21	3
607	2020-08-09	126	53	10
608	2020-08-09	209	58	10
609	2020-08-09	188	74	6
610	2020-08-09	747	61	8
611	2020-08-10	191	41	7
612	2020-08-10	540	90	5
613	2020-08-10	914	80	7
614	2020-08-10	150	45	2
615	2020-08-10	337	1	2
616	2020-08-10	478	22	9
617	2020-08-11	294	79	7
618	2020-08-12	569	27	9
619	2020-08-12	464	69	1
620	2020-08-12	238	74	3
621	2020-08-13	849	24	10
622	2020-08-13	970	44	5
623	2020-08-14	516	35	2
624	2020-08-14	863	73	9
625	2020-08-14	817	64	6
626	2020-08-15	573	21	9
627	2020-08-16	253	27	9
628	2020-08-16	911	37	10
629	2020-08-16	872	14	9
630	2020-08-16	251	48	7
631	2020-08-18	829	66	6
632	2020-08-18	261	38	3
633	2020-08-19	813	52	8
634	2020-08-19	514	57	2
635	2020-08-19	634	22	10
636	2020-08-19	862	25	4
637	2020-08-20	650	20	8
638	2020-08-20	339	33	3
639	2020-08-20	206	99	4
640	2020-08-20	934	41	1
641	2020-08-21	104	17	4
642	2020-08-21	978	10	5
643	2020-08-21	840	83	7
644	2020-08-21	845	22	3
645	2020-08-22	372	100	4
646	2020-08-22	103	75	10
647	2020-08-23	798	40	1
648	2020-08-23	846	69	2
649	2020-08-23	455	63	6
650	2020-08-23	795	72	1
651	2020-08-24	721	92	9
652	2020-08-24	881	19	10
653	2020-08-24	197	84	8
654	2020-08-25	957	63	2
655	2020-08-26	496	72	10
656	2020-08-26	89	26	4
657	2020-08-26	185	51	6
658	2020-08-26	609	62	3
659	2020-08-27	106	41	9
660	2020-08-27	92	90	3
661	2020-08-27	190	63	9
662	2020-08-27	279	62	2
663	2020-08-27	82	85	1
664	2020-08-27	821	94	10
665	2020-08-27	803	19	2
666	2020-08-28	842	81	1
667	2020-08-28	43	62	4
668	2020-08-28	835	83	6
669	2020-08-28	439	56	4
670	2020-08-28	142	47	9
671	2020-08-29	699	57	8
672	2020-08-30	917	88	7
673	2020-08-30	518	86	3
674	2020-08-30	838	36	5
675	2020-08-31	679	100	8
676	2020-08-31	859	55	3
677	2020-08-31	665	21	5
678	2020-08-31	200	71	7
679	2020-09-02	219	7	6
680	2020-09-02	165	59	8
681	2020-09-03	837	53	4
682	2020-09-03	56	9	2
683	2020-09-03	269	43	4
684	2020-09-04	382	78	8
685	2020-09-05	194	41	1
686	2020-09-05	966	99	10
687	2020-09-05	346	62	10
688	2020-09-05	562	24	7
689	2020-09-06	597	86	8
690	2020-09-06	916	28	1
691	2020-09-07	411	51	4
692	2020-09-07	428	74	1
693	2020-09-08	519	35	5
694	2020-09-08	873	72	6
695	2020-09-08	928	64	9
696	2020-09-08	147	83	4
697	2020-09-09	144	31	3
698	2020-09-10	345	48	6
699	2020-09-10	692	11	5
700	2020-09-10	273	60	2
701	2020-09-11	57	9	7
702	2020-09-11	4	48	2
703	2020-09-11	154	1	2
704	2020-09-12	227	88	1
705	2020-09-13	610	31	6
706	2020-09-13	655	91	7
707	2020-09-13	560	9	7
708	2020-09-13	422	49	1
709	2020-09-13	910	54	6
710	2020-09-13	3	29	8
711	2020-09-13	776	78	9
712	2020-09-14	306	96	9
713	2020-09-14	822	88	8
714	2020-09-15	193	84	3
715	2020-09-16	133	15	10
716	2020-09-16	384	10	1
717	2020-09-16	702	1	1
718	2020-09-17	242	18	2
719	2020-09-17	77	12	8
720	2020-09-17	128	23	7
721	2020-09-17	156	37	1
722	2020-09-17	761	35	8
723	2020-09-18	588	22	1
724	2020-09-18	33	61	1
725	2020-09-18	349	87	10
726	2020-09-18	748	59	9
727	2020-09-19	177	46	2
728	2020-09-20	181	77	1
729	2020-09-20	621	94	8
730	2020-09-22	201	97	3
731	2020-09-23	502	37	1
732	2020-09-23	812	39	1
733	2020-09-23	715	11	3
734	2020-09-24	369	42	8
735	2020-09-24	691	46	10
736	2020-09-24	860	25	1
737	2020-09-25	48	8	9
738	2020-09-25	483	56	10
739	2020-09-25	203	80	2
740	2020-09-26	224	97	1
741	2020-09-26	757	4	3
742	2020-09-26	555	59	3
743	2020-09-26	348	14	8
744	2020-09-26	737	2	6
745	2020-09-26	861	24	8
746	2020-09-26	282	91	6
747	2020-09-26	944	21	2
748	2020-09-27	336	50	2
749	2020-09-27	717	39	7
750	2020-09-28	477	49	1
751	2020-09-28	927	93	4
752	2020-09-28	129	18	5
753	2020-09-28	902	4	6
754	2020-09-28	58	25	5
755	2020-09-28	14	59	9
756	2020-09-29	575	92	6
757	2020-09-29	371	65	3
758	2020-09-29	828	100	4
759	2020-09-30	283	40	2
760	2020-09-30	114	71	9
761	2020-09-30	366	62	9
762	2020-09-30	246	30	9
763	2020-10-01	507	22	2
764	2020-10-01	241	78	8
765	2020-10-01	211	37	6
766	2020-10-01	617	40	1
767	2020-10-01	765	64	9
768	2020-10-03	599	12	1
769	2020-10-04	601	54	2
770	2020-10-04	875	57	6
771	2020-10-04	684	21	1
772	2020-10-05	681	29	4
773	2020-10-05	979	3	2
774	2020-10-05	802	9	6
775	2020-10-06	359	28	8
776	2020-10-06	225	92	2
777	2020-10-06	202	1	3
778	2020-10-07	259	90	6
779	2020-10-07	896	38	2
780	2020-10-07	334	80	10
781	2020-10-07	474	93	7
782	2020-10-07	277	82	4
783	2020-10-07	184	97	4
784	2020-10-08	744	61	8
785	2020-10-08	301	40	2
786	2020-10-08	249	78	5
787	2020-10-08	880	66	5
788	2020-10-08	29	75	3
789	2020-10-09	879	25	7
790	2020-10-09	468	51	6
791	2020-10-09	787	61	5
792	2020-10-09	523	56	3
793	2020-10-09	891	9	8
794	2020-10-09	811	46	9
795	2020-10-10	314	48	3
796	2020-10-10	527	2	7
797	2020-10-10	118	47	1
798	2020-10-10	318	34	6
799	2020-10-10	510	30	7
800	2020-10-11	905	78	7
801	2020-10-12	641	28	8
802	2020-10-12	550	26	8
803	2020-10-13	534	75	1
804	2020-10-13	549	27	6
805	2020-10-13	851	19	3
806	2020-10-14	946	5	6
807	2020-10-14	387	34	9
808	2020-10-14	248	45	1
809	2020-10-14	98	98	5
810	2020-10-14	943	59	7
811	2020-10-15	706	48	10
812	2020-10-16	391	76	9
813	2020-10-17	196	93	1
814	2020-10-17	2	15	1
815	2020-10-17	315	77	6
816	2020-10-18	164	19	1
817	2020-10-18	37	14	2
818	2020-10-19	521	80	2
819	2020-10-20	582	14	10
820	2020-10-21	882	3	8
821	2020-10-21	923	79	9
822	2020-10-21	951	85	2
823	2020-10-22	895	5	4
824	2020-10-22	173	68	8
825	2020-10-22	151	18	2
826	2020-10-22	770	24	2
827	2020-10-23	32	96	9
828	2020-10-23	72	97	4
829	2020-10-24	777	10	2
830	2020-10-24	101	39	7
831	2020-10-24	625	53	1
832	2020-10-24	23	52	5
833	2020-10-24	288	63	1
834	2020-10-24	590	75	5
835	2020-10-25	680	37	1
836	2020-10-26	110	56	1
837	2020-10-27	903	24	2
838	2020-10-27	535	64	1
839	2020-10-27	554	38	10
840	2020-10-28	10	90	1
841	2020-10-28	666	8	4
842	2020-10-29	694	2	10
843	2020-10-29	475	16	9
844	2020-10-30	984	24	3
845	2020-10-31	580	67	1
846	2020-10-31	284	92	2
847	2020-10-31	445	88	4
848	2020-10-31	52	18	3
849	2020-10-31	309	5	7
850	2020-11-01	953	78	10
851	2020-11-01	162	80	9
852	2020-11-01	643	14	7
853	2020-11-02	94	65	3
854	2020-11-02	687	68	2
855	2020-11-02	759	43	6
856	2020-11-02	726	53	4
857	2020-11-03	307	66	8
858	2020-11-03	833	82	3
859	2020-11-04	961	6	6
860	2020-11-04	160	29	6
861	2020-11-05	713	94	8
862	2020-11-05	602	24	1
863	2020-11-05	915	30	7
864	2020-11-05	405	67	7
865	2020-11-06	664	96	6
866	2020-11-06	548	41	2
867	2020-11-06	262	72	5
868	2020-11-07	490	81	10
869	2020-11-07	377	93	4
870	2020-11-08	83	7	7
871	2020-11-08	894	52	7
872	2020-11-08	753	12	7
873	2020-11-09	839	74	8
874	2020-11-09	830	21	8
875	2020-11-11	793	71	10
876	2020-11-11	199	75	8
877	2020-11-12	240	27	1
878	2020-11-12	506	23	9
879	2020-11-13	11	66	9
880	2020-11-13	649	82	2
881	2020-11-13	841	17	9
882	2020-11-14	763	82	6
883	2020-11-14	66	82	9
884	2020-11-14	131	77	4
885	2020-11-14	786	94	6
886	2020-11-14	962	89	3
887	2020-11-15	350	37	6
888	2020-11-15	79	68	6
889	2020-11-15	100	1	1
890	2020-11-15	533	63	2
891	2020-11-15	843	59	4
892	2020-11-16	399	25	8
893	2020-11-16	329	28	1
894	2020-11-16	689	47	1
895	2020-11-16	149	5	10
896	2020-11-16	451	43	10
897	2020-11-16	867	18	4
898	2020-11-17	878	44	6
899	2020-11-17	974	60	2
900	2020-11-17	732	35	10
901	2020-11-18	297	21	5
902	2020-11-18	615	36	2
903	2020-11-18	81	84	3
904	2020-11-19	920	2	6
905	2020-11-19	416	95	6
906	2020-11-19	213	67	1
907	2020-11-20	216	2	9
908	2020-11-21	563	43	8
909	2020-11-21	546	24	7
910	2020-11-22	268	23	9
911	2020-11-22	857	31	6
912	2020-11-22	68	11	2
913	2020-11-23	804	5	10
914	2020-11-23	327	72	5
915	2020-11-24	656	51	1
916	2020-11-24	725	25	10
917	2020-11-25	389	98	2
918	2020-11-25	55	25	6
919	2020-11-25	74	63	7
920	2020-11-26	536	71	10
921	2020-11-27	909	60	6
922	2020-11-28	642	71	2
923	2020-11-28	462	29	9
924	2020-11-29	663	17	10
925	2020-11-29	968	27	9
926	2020-11-29	347	67	1
927	2020-11-30	489	55	1
928	2020-11-30	801	88	5
929	2020-11-30	235	24	1
930	2020-11-30	28	9	8
931	2020-11-30	443	55	8
932	2020-12-01	332	96	1
933	2020-12-01	667	30	9
934	2020-12-01	771	77	8
935	2020-12-01	611	33	9
936	2020-12-01	986	55	1
937	2020-12-03	622	50	4
938	2020-12-04	876	7	6
939	2020-12-04	594	36	1
940	2020-12-05	386	87	8
941	2020-12-05	116	13	2
942	2020-12-05	831	67	9
943	2020-12-06	926	83	3
944	2020-12-07	980	54	9
945	2020-12-09	925	32	2
946	2020-12-09	476	68	8
947	2020-12-10	883	37	2
948	2020-12-10	27	14	6
949	2020-12-10	982	88	1
950	2020-12-10	633	74	1
951	2020-12-11	494	69	8
952	2020-12-11	543	22	3
953	2020-12-11	720	66	2
954	2020-12-11	108	66	6
955	2020-12-11	267	68	5
956	2020-12-12	491	47	7
957	2020-12-12	932	77	3
958	2020-12-13	584	73	6
959	2020-12-14	385	47	3
960	2020-12-14	690	78	7
961	2020-12-15	848	45	8
962	2020-12-15	985	31	9
963	2020-12-15	595	54	2
964	2020-12-15	938	74	9
965	2020-12-15	319	20	2
966	2020-12-16	647	47	8
967	2020-12-16	38	42	4
968	2020-12-16	54	78	8
969	2020-12-16	9	22	5
970	2020-12-17	971	13	9
971	2020-12-17	61	30	10
972	2020-12-17	660	32	9
973	2020-12-17	657	11	10
974	2020-12-17	105	91	9
975	2020-12-19	942	66	1
976	2020-12-19	361	11	7
977	2020-12-19	304	89	7
978	2020-12-19	484	6	10
979	2020-12-20	930	77	3
980	2020-12-21	785	90	1
981	2020-12-21	794	86	10
982	2020-12-22	500	56	10
983	2020-12-22	442	24	10
984	2020-12-23	290	48	7
985	2020-12-23	933	75	9
986	2020-12-24	437	73	9
987	2020-12-24	827	91	10
988	2020-12-26	603	37	3
989	2020-12-26	420	8	4
990	2020-12-26	924	68	1
991	2020-12-26	140	7	5
992	2020-12-27	232	67	4
993	2020-12-27	824	73	5
994	2020-12-27	762	64	3
995	2020-12-28	414	69	10
996	2020-12-28	300	38	10
997	2020-12-29	343	63	7
998	2020-12-29	989	98	4
999	2020-12-31	808	26	1
1000	2020-12-31	593	12	5
\.


--
-- Data for Name: prediction; Type: TABLE DATA; Schema: public; Owner: postgres
--

COPY public.prediction (index, client, goods, date, sum, prediction) FROM stdin;
0	1	1	2020-02-01	90	\N
1	1	1	2020-02-05	90	90
2	1	1	2020-02-09	60	75
3	1	1	2020-02-13	930	495
4	1	1	2020-02-17	120	525
5	1	1	2020-02-21	690	405
6	1	1	2020-02-25	690	690
7	1	1	2020-02-29	510	600
8	2	2	2020-02-02	750	630
9	2	2	2020-02-06	2100	1425
10	2	2	2020-02-10	150	1125
11	2	2	2020-02-14	1050	600
12	2	2	2020-02-18	4800	2925
13	2	2	2020-02-22	1650	3225
14	2	2	2020-02-26	4200	2925
15	3	3	2020-02-03	3500	3850
16	3	3	2020-02-07	2450	2975
17	3	3	2020-02-11	5250	3850
18	3	3	2020-02-15	2800	4025
19	3	3	2020-02-19	26600	14700
20	3	3	2020-02-23	5600	16100
21	3	3	2020-02-27	3500	4550
22	4	4	2020-02-04	600	2050
23	4	4	2020-02-08	800	700
24	4	4	2020-02-12	3200	2000
25	4	4	2020-02-16	500	1850
26	4	4	2020-02-20	4500	2500
27	4	4	2020-02-24	1900	3200
28	4	4	2020-02-28	1200	1550
\.


--
-- Data for Name: recept; Type: TABLE DATA; Schema: public; Owner: postgres
--

COPY public.recept (id, ddate, ndoc, client, storage) FROM stdin;
1	2020-01-01	917	54	6
2	2020-01-01	249	24	10
3	2020-01-01	908	13	5
4	2020-01-01	400	55	4
5	2020-01-01	379	3	9
6	2020-01-03	461	37	1
7	2020-01-03	637	99	1
8	2020-01-03	566	47	10
9	2020-01-03	359	67	2
10	2020-01-03	316	78	7
11	2020-01-03	547	25	8
12	2020-01-05	324	3	7
13	2020-01-05	89	85	5
14	2020-01-05	573	98	3
15	2020-01-05	615	28	5
16	2020-01-09	455	93	9
17	2020-01-09	647	43	1
18	2020-01-09	381	20	7
19	2020-01-09	601	29	2
20	2020-01-11	230	47	2
21	2020-01-11	578	42	9
22	2020-01-11	976	77	6
23	2020-01-11	694	91	5
24	2020-01-11	199	90	2
25	2020-01-11	16	61	1
26	2020-01-11	241	77	9
27	2020-01-11	645	70	2
28	2020-01-13	221	95	1
29	2020-01-13	444	33	1
30	2020-01-13	37	10	10
31	2020-01-13	729	87	10
32	2020-01-15	674	87	9
33	2020-01-15	253	92	8
34	2020-01-15	619	55	8
35	2020-01-15	888	36	3
36	2020-01-15	412	47	6
37	2020-01-15	376	15	5
38	2020-01-15	692	76	5
39	2020-01-15	829	67	6
40	2020-01-15	102	19	5
41	2020-01-15	370	72	8
42	2020-01-15	716	35	9
43	2020-01-15	793	91	5
44	2020-01-17	197	91	5
45	2020-01-17	402	97	5
46	2020-01-17	473	24	7
47	2020-01-17	146	98	8
48	2020-01-17	480	19	4
49	2020-01-19	77	25	4
50	2020-01-19	299	93	4
51	2020-01-19	857	11	4
52	2020-01-21	644	22	3
53	2020-01-21	80	12	10
54	2020-01-21	71	8	8
55	2020-01-21	131	64	6
56	2020-01-21	142	35	9
57	2020-01-21	603	21	1
58	2020-01-21	430	77	8
59	2020-01-21	656	89	10
60	2020-01-21	800	49	6
61	2020-01-23	367	82	7
62	2020-01-23	847	36	2
63	2020-01-23	328	42	3
64	2020-01-23	523	42	7
65	2020-01-23	541	92	7
66	2020-01-23	542	34	1
67	2020-01-25	235	56	10
68	2020-01-25	216	44	3
69	2020-01-25	568	30	2
70	2020-01-25	943	94	2
71	2020-01-25	244	17	10
72	2020-01-25	462	88	3
73	2020-01-25	861	18	9
74	2020-01-25	813	2	7
75	2020-01-25	700	73	4
76	2020-01-25	702	99	10
77	2020-01-27	85	1	2
78	2020-01-27	258	85	5
79	2020-01-29	255	14	3
80	2020-01-29	660	85	6
81	2020-01-29	500	23	4
82	2020-01-29	691	81	3
83	2020-01-29	959	66	8
84	2020-01-29	349	79	8
85	2020-01-31	307	62	7
86	2020-01-31	972	40	7
87	2020-01-31	114	49	9
88	2020-01-31	468	66	2
89	2020-02-02	351	77	5
90	2020-02-02	898	44	9
91	2020-02-02	392	9	8
92	2020-02-04	260	50	5
93	2020-02-04	999	47	5
94	2020-02-06	361	6	6
95	2020-02-06	652	55	10
96	2020-02-06	327	92	8
97	2020-02-06	70	83	9
98	2020-02-06	433	24	3
99	2020-02-06	618	59	4
100	2020-02-06	456	17	9
101	2020-02-08	308	60	7
102	2020-02-08	46	90	3
103	2020-02-08	875	95	9
104	2020-02-08	474	3	8
105	2020-02-08	768	93	5
106	2020-02-10	938	8	10
107	2020-02-10	970	24	9
108	2020-02-10	625	7	9
109	2020-02-10	399	89	8
110	2020-02-10	727	23	6
111	2020-02-12	924	49	1
112	2020-02-12	429	57	2
113	2020-02-12	143	2	5
114	2020-02-12	129	4	4
115	2020-02-14	958	72	5
116	2020-02-14	514	83	4
117	2020-02-14	557	62	3
118	2020-02-14	758	87	6
119	2020-02-14	820	71	2
120	2020-02-16	254	60	9
121	2020-02-16	1000	31	5
122	2020-02-16	576	94	4
123	2020-02-16	119	14	8
124	2020-02-18	701	90	5
125	2020-02-18	658	56	7
126	2020-02-18	405	12	8
127	2020-02-18	655	19	1
128	2020-02-18	59	74	3
129	2020-02-18	57	45	4
130	2020-02-20	511	86	4
131	2020-02-20	210	84	4
132	2020-02-22	667	32	6
133	2020-02-22	622	15	8
134	2020-02-22	187	42	10
135	2020-02-22	304	59	3
136	2020-02-22	95	50	8
137	2020-02-22	546	73	5
138	2020-02-24	927	9	9
139	2020-02-24	368	31	9
140	2020-02-24	923	68	8
141	2020-02-24	721	99	4
142	2020-02-24	627	23	6
143	2020-02-26	882	53	6
144	2020-02-26	273	72	10
145	2020-02-26	395	8	10
146	2020-02-26	995	2	3
147	2020-02-26	916	9	6
148	2020-02-26	629	26	6
149	2020-02-28	709	16	2
150	2020-02-28	173	1	3
151	2020-02-28	661	1	6
152	2020-02-28	113	92	4
153	2020-02-28	86	47	5
154	2020-03-01	592	5	4
155	2020-03-01	991	69	4
156	2020-03-01	265	43	7
157	2020-03-01	696	86	4
158	2020-03-03	107	78	8
159	2020-03-03	775	11	1
160	2020-03-03	684	89	3
161	2020-03-05	259	96	7
162	2020-03-05	337	77	5
163	2020-03-05	941	67	10
164	2020-03-05	179	53	1
165	2020-03-07	873	49	10
166	2020-03-07	391	31	4
167	2020-03-07	81	13	3
168	2020-03-07	36	78	6
169	2020-03-07	275	65	2
170	2020-03-09	49	3	10
171	2020-03-09	384	78	1
172	2020-03-09	51	82	1
173	2020-03-11	870	28	4
174	2020-03-11	977	80	4
175	2020-03-11	97	100	9
176	2020-03-11	639	84	1
177	2020-03-11	425	24	9
178	2020-03-11	886	44	2
179	2020-03-13	282	33	7
180	2020-03-13	172	59	8
181	2020-03-13	551	51	1
182	2020-03-13	200	10	8
183	2020-03-13	64	57	8
184	2020-03-13	332	23	1
185	2020-03-13	494	6	1
186	2020-03-13	239	74	1
187	2020-03-13	413	70	2
188	2020-03-15	754	94	7
189	2020-03-15	125	59	2
190	2020-03-15	723	25	9
191	2020-03-15	903	46	7
192	2020-03-17	831	73	7
193	2020-03-17	28	35	9
194	2020-03-17	845	65	9
195	2020-03-17	189	75	8
196	2020-03-19	675	81	4
197	2020-03-19	778	85	7
198	2020-03-19	334	69	4
199	2020-03-19	398	59	5
200	2020-03-19	108	74	5
201	2020-03-19	375	51	3
202	2020-03-19	357	16	6
203	2020-03-21	935	33	10
204	2020-03-21	884	46	9
205	2020-03-21	688	78	3
206	2020-03-21	39	58	8
207	2020-03-21	840	52	5
208	2020-03-21	66	9	7
209	2020-03-21	55	32	4
210	2020-03-23	703	65	8
211	2020-03-23	858	68	2
212	2020-03-23	846	93	2
213	2020-03-23	352	28	6
214	2020-03-23	836	18	6
215	2020-03-23	218	27	6
216	2020-03-23	44	60	5
217	2020-03-23	499	52	1
218	2020-03-23	35	77	3
219	2020-03-23	21	53	2
220	2020-03-23	121	79	9
221	2020-03-25	111	62	4
222	2020-03-25	560	95	6
223	2020-03-25	979	97	4
224	2020-03-25	571	71	3
225	2020-03-25	887	34	2
226	2020-03-25	84	32	9
227	2020-03-27	544	96	5
228	2020-03-29	194	67	5
229	2020-03-31	309	77	4
230	2020-03-31	448	100	9
231	2020-03-31	215	8	9
232	2020-03-31	274	71	4
233	2020-04-02	206	56	1
234	2020-04-02	135	93	4
235	2020-04-02	168	39	3
236	2020-04-02	45	76	10
237	2020-04-02	796	70	9
238	2020-04-02	510	37	2
239	2020-04-02	816	70	8
240	2020-04-02	901	35	8
241	2020-04-02	537	55	5
242	2020-04-02	347	45	2
243	2020-04-02	203	51	7
244	2020-04-04	47	76	9
245	2020-04-04	853	27	9
246	2020-04-04	110	70	9
247	2020-04-04	699	26	2
248	2020-04-04	182	95	9
249	2020-04-04	590	84	4
250	2020-04-04	294	27	2
251	2020-04-06	587	70	3
252	2020-04-06	993	16	9
253	2020-04-06	516	38	6
254	2020-04-06	350	12	5
255	2020-04-06	464	92	6
256	2020-04-08	848	21	1
257	2020-04-08	744	48	1
258	2020-04-08	489	77	1
259	2020-04-10	838	73	6
260	2020-04-10	186	57	7
261	2020-04-12	824	41	3
262	2020-04-12	757	40	5
263	2020-04-12	589	13	3
264	2020-04-12	447	13	2
265	2020-04-14	211	42	3
266	2020-04-14	957	1	4
267	2020-04-14	631	96	3
268	2020-04-14	929	10	10
269	2020-04-14	555	28	2
270	2020-04-14	876	47	4
271	2020-04-14	668	56	3
272	2020-04-14	176	42	3
273	2020-04-14	825	17	6
274	2020-04-14	492	84	9
275	2020-04-16	891	9	6
276	2020-04-16	690	41	8
277	2020-04-16	219	18	3
278	2020-04-18	138	73	10
279	2020-04-18	608	76	8
280	2020-04-18	687	6	8
281	2020-04-20	345	48	2
282	2020-04-20	945	6	5
283	2020-04-20	759	59	9
284	2020-04-20	653	82	6
285	2020-04-20	868	98	5
286	2020-04-20	243	52	2
287	2020-04-22	371	51	2
288	2020-04-22	180	60	7
289	2020-04-22	572	21	4
290	2020-04-22	202	24	1
291	2020-04-22	586	30	7
292	2020-04-22	521	47	7
293	2020-04-22	508	60	7
294	2020-04-24	579	46	3
295	2020-04-24	296	70	6
296	2020-04-24	730	91	3
297	2020-04-24	791	41	2
298	2020-04-24	974	91	2
299	2020-04-26	657	69	10
300	2020-04-26	214	89	4
301	2020-04-26	341	14	2
302	2020-04-26	322	40	7
303	2020-04-26	231	87	5
304	2020-04-28	819	91	1
305	2020-04-28	397	100	10
306	2020-04-28	115	23	2
307	2020-04-28	715	26	7
308	2020-04-28	766	8	6
309	2020-04-30	695	60	10
310	2020-04-30	708	26	5
311	2020-04-30	743	3	6
312	2020-04-30	611	44	5
313	2020-04-30	178	78	6
314	2020-04-30	145	27	2
315	2020-04-30	495	79	7
316	2020-04-30	278	82	4
317	2020-04-30	620	4	10
318	2020-04-30	752	74	3
319	2020-04-30	895	29	6
320	2020-05-02	388	93	5
321	2020-05-02	193	81	3
322	2020-05-02	482	2	4
323	2020-05-02	313	58	6
324	2020-05-02	17	22	6
325	2020-05-02	149	81	9
326	2020-05-02	812	8	3
327	2020-05-02	512	87	8
328	2020-05-02	990	36	2
329	2020-05-04	415	1	1
330	2020-05-04	98	99	6
331	2020-05-04	616	74	7
332	2020-05-06	711	90	2
333	2020-05-06	342	93	6
334	2020-05-06	477	91	1
335	2020-05-06	312	74	3
336	2020-05-10	682	72	10
337	2020-05-10	771	68	9
338	2020-05-10	175	100	8
339	2020-05-10	94	86	5
340	2020-05-10	710	89	4
341	2020-05-10	406	67	9
342	2020-05-10	839	72	5
343	2020-05-10	911	87	5
344	2020-05-12	288	57	8
345	2020-05-12	374	55	3
346	2020-05-12	686	28	1
347	2020-05-12	325	65	7
348	2020-05-12	817	29	3
349	2020-05-12	418	93	10
350	2020-05-12	939	30	4
351	2020-05-12	942	74	7
352	2020-05-14	642	67	1
353	2020-05-14	262	91	4
354	2020-05-14	934	5	1
355	2020-05-14	466	31	2
356	2020-05-14	476	60	4
357	2020-05-14	449	77	4
358	2020-05-14	140	48	10
359	2020-05-14	348	91	10
360	2020-05-16	649	35	3
361	2020-05-16	311	48	10
362	2020-05-16	862	53	3
363	2020-05-16	79	10	8
364	2020-05-16	948	21	5
365	2020-05-16	443	63	8
366	2020-05-16	897	7	8
367	2020-05-16	50	4	8
368	2020-05-18	331	2	1
369	2020-05-18	755	23	2
370	2020-05-18	866	15	8
371	2020-05-22	626	26	4
372	2020-05-22	116	9	1
373	2020-05-22	295	44	9
374	2020-05-22	749	74	5
375	2020-05-22	767	59	6
376	2020-05-22	798	56	4
377	2020-05-24	593	89	8
378	2020-05-24	666	99	3
379	2020-05-24	774	47	5
380	2020-05-24	506	98	5
381	2020-05-24	556	41	5
382	2020-05-24	558	6	6
383	2020-05-26	38	68	3
384	2020-05-26	651	32	9
385	2020-05-26	386	75	9
386	2020-05-26	396	20	4
387	2020-05-26	881	57	2
388	2020-05-26	933	66	8
389	2020-05-26	733	1	3
390	2020-05-28	844	39	4
391	2020-05-28	196	53	3
392	2020-05-28	826	27	7
393	2020-05-28	742	37	3
394	2020-05-28	633	54	5
395	2020-05-28	164	63	3
396	2020-05-28	549	18	3
397	2020-05-30	526	22	3
398	2020-05-30	356	1	9
399	2020-05-30	878	88	1
400	2020-05-30	978	42	6
401	2020-05-30	717	71	5
402	2020-05-30	554	72	4
403	2020-05-30	256	20	2
404	2020-06-01	353	72	1
405	2020-06-01	133	21	4
406	2020-06-01	998	64	9
407	2020-06-01	144	72	9
408	2020-06-03	303	26	8
409	2020-06-03	815	93	1
410	2020-06-03	7	30	8
411	2020-06-03	488	23	9
412	2020-06-03	65	16	7
413	2020-06-05	463	61	3
414	2020-06-05	650	3	7
415	2020-06-05	269	64	7
416	2020-06-05	737	85	2
417	2020-06-07	781	72	9
418	2020-06-07	956	66	2
419	2020-06-07	165	69	7
420	2020-06-07	150	33	3
421	2020-06-07	403	77	7
422	2020-06-07	928	10	1
423	2020-06-09	852	5	2
424	2020-06-09	251	15	4
425	2020-06-09	860	21	3
426	2020-06-09	394	93	10
427	2020-06-09	689	37	5
428	2020-06-09	980	26	2
429	2020-06-09	67	84	2
430	2020-06-11	946	89	8
431	2020-06-11	458	48	6
432	2020-06-11	574	6	4
433	2020-06-11	48	82	1
434	2020-06-11	880	20	4
435	2020-06-13	507	73	5
436	2020-06-13	478	55	8
437	2020-06-13	584	15	8
438	2020-06-13	276	4	3
439	2020-06-13	740	80	7
440	2020-06-13	532	50	9
441	2020-06-13	501	93	3
442	2020-06-15	277	26	8
443	2020-06-15	161	25	4
444	2020-06-15	25	88	4
445	2020-06-17	137	68	10
446	2020-06-17	427	100	8
447	2020-06-17	955	62	1
448	2020-06-17	383	35	3
449	2020-06-19	837	6	7
450	2020-06-19	93	56	6
451	2020-06-19	442	33	6
452	2020-06-19	201	40	4
453	2020-06-19	439	16	1
454	2020-06-21	659	10	3
455	2020-06-21	654	82	8
456	2020-06-21	849	17	2
457	2020-06-23	835	51	4
458	2020-06-23	648	17	5
459	2020-06-23	246	95	2
460	2020-06-23	68	22	4
461	2020-06-23	90	28	8
462	2020-06-23	915	97	2
463	2020-06-23	431	20	6
464	2020-06-25	496	58	6
465	2020-06-25	117	64	3
466	2020-06-25	340	21	10
467	2020-06-25	676	7	1
468	2020-06-25	318	29	2
469	2020-06-27	643	69	6
470	2020-06-27	952	46	1
471	2020-06-27	988	12	1
472	2020-06-27	914	17	2
473	2020-06-27	99	7	2
474	2020-06-29	635	87	3
475	2020-06-29	962	19	5
476	2020-06-29	472	59	8
477	2020-06-29	82	1	3
478	2020-06-29	100	47	10
479	2020-06-29	728	44	9
480	2020-06-29	154	28	1
481	2020-07-01	983	92	9
482	2020-07-01	248	15	10
483	2020-07-01	502	63	2
484	2020-07-03	263	56	5
485	2020-07-03	423	88	9
486	2020-07-03	128	4	4
487	2020-07-03	565	51	2
488	2020-07-03	966	41	6
489	2020-07-05	428	30	5
490	2020-07-05	732	70	6
491	2020-07-05	561	2	2
492	2020-07-05	88	33	3
493	2020-07-05	224	89	9
494	2020-07-05	567	49	10
495	2020-07-05	481	90	8
496	2020-07-05	208	100	2
497	2020-07-05	123	39	7
498	2020-07-07	585	58	9
499	2020-07-07	56	6	7
500	2020-07-07	965	63	4
501	2020-07-07	409	68	8
502	2020-07-07	704	48	9
503	2020-07-09	575	47	9
504	2020-07-09	722	88	2
505	2020-07-09	799	99	2
506	2020-07-09	851	31	9
507	2020-07-11	109	5	3
508	2020-07-11	185	88	7
509	2020-07-11	777	30	6
510	2020-07-11	261	39	5
511	2020-07-11	591	71	1
512	2020-07-11	879	5	3
513	2020-07-11	286	26	2
514	2020-07-11	451	10	10
515	2020-07-11	315	29	7
516	2020-07-11	864	41	2
517	2020-07-13	132	50	2
518	2020-07-13	580	55	9
519	2020-07-13	564	68	5
520	2020-07-13	422	20	10
521	2020-07-13	410	12	7
522	2020-07-13	841	69	7
523	2020-07-13	446	54	5
524	2020-07-15	62	2	3
525	2020-07-15	271	13	4
526	2020-07-15	910	21	10
527	2020-07-15	617	43	9
528	2020-07-15	713	13	10
529	2020-07-15	14	35	2
530	2020-07-15	445	36	7
531	2020-07-15	30	3	4
532	2020-07-17	419	60	9
533	2020-07-17	465	49	7
534	2020-07-17	624	41	6
535	2020-07-17	52	69	5
536	2020-07-17	524	82	6
537	2020-07-17	940	47	6
538	2020-07-17	600	81	3
539	2020-07-17	989	82	3
540	2020-07-19	982	3	6
541	2020-07-19	936	24	1
542	2020-07-19	683	77	7
543	2020-07-19	158	89	4
544	2020-07-19	213	9	2
545	2020-07-19	266	35	1
546	2020-07-19	731	43	6
547	2020-07-19	43	77	2
548	2020-07-19	6	78	1
549	2020-07-19	553	25	3
550	2020-07-19	718	70	8
551	2020-07-21	520	58	7
552	2020-07-21	641	11	10
553	2020-07-21	152	72	6
554	2020-07-21	770	4	3
555	2020-07-23	4	100	9
556	2020-07-23	801	60	9
557	2020-07-23	673	42	10
558	2020-07-23	612	27	10
559	2020-07-25	229	6	9
560	2020-07-25	329	1	10
561	2020-07-25	724	67	7
562	2020-07-25	12	45	2
563	2020-07-25	874	33	5
564	2020-07-25	362	89	4
565	2020-07-25	380	25	9
566	2020-07-27	73	33	3
567	2020-07-27	563	15	7
568	2020-07-27	169	23	10
569	2020-07-27	905	90	8
570	2020-07-29	181	63	3
571	2020-07-29	809	84	1
572	2020-07-29	850	88	6
573	2020-07-29	738	13	7
574	2020-07-29	987	33	8
575	2020-07-29	437	83	9
576	2020-07-29	170	54	1
577	2020-07-29	614	19	2
578	2020-07-31	623	95	10
579	2020-07-31	896	39	10
580	2020-07-31	597	90	5
581	2020-07-31	665	69	1
582	2020-08-02	630	52	2
583	2020-08-02	662	35	9
584	2020-08-02	365	7	1
585	2020-08-02	504	8	4
586	2020-08-02	287	51	4
587	2020-08-02	529	29	4
588	2020-08-02	677	39	5
589	2020-08-04	679	91	5
590	2020-08-04	920	60	10
591	2020-08-04	621	54	9
592	2020-08-04	894	10	9
593	2020-08-04	961	10	10
594	2020-08-04	811	55	10
595	2020-08-04	842	67	6
596	2020-08-06	292	71	1
597	2020-08-06	382	82	9
598	2020-08-06	377	54	5
599	2020-08-06	112	25	1
600	2020-08-08	984	73	2
601	2020-08-08	890	62	4
602	2020-08-08	378	97	8
603	2020-08-08	856	4	3
604	2020-08-08	27	78	7
605	2020-08-08	595	73	9
606	2020-08-08	226	42	3
607	2020-08-08	432	99	7
608	2020-08-10	788	18	3
609	2020-08-10	171	100	5
610	2020-08-10	973	29	5
611	2020-08-10	670	52	3
612	2020-08-10	207	86	7
613	2020-08-12	76	8	4
614	2020-08-12	467	22	6
615	2020-08-12	33	85	8
616	2020-08-12	832	20	2
617	2020-08-12	883	66	9
618	2020-08-12	104	52	3
619	2020-08-12	548	34	8
620	2020-08-14	613	62	5
621	2020-08-14	786	57	8
622	2020-08-14	1	27	7
623	2020-08-14	712	3	10
624	2020-08-14	355	9	2
625	2020-08-14	267	86	9
626	2020-08-14	783	22	7
627	2020-08-16	233	2	10
628	2020-08-16	408	87	6
629	2020-08-16	440	50	1
630	2020-08-16	163	50	3
631	2020-08-16	148	62	8
632	2020-08-16	912	18	2
633	2020-08-16	31	78	9
634	2020-08-16	969	51	8
635	2020-08-18	785	90	2
636	2020-08-18	486	62	3
637	2020-08-18	134	92	5
638	2020-08-18	833	30	7
639	2020-08-20	539	73	9
640	2020-08-20	739	66	2
641	2020-08-22	803	58	7
642	2020-08-22	726	27	7
643	2020-08-22	106	22	5
644	2020-08-22	469	32	1
645	2020-08-22	834	38	3
646	2020-08-22	159	91	8
647	2020-08-22	156	73	8
648	2020-08-22	459	88	10
649	2020-08-22	250	91	6
650	2020-08-22	823	13	9
651	2020-08-24	293	76	2
652	2020-08-24	41	78	3
653	2020-08-24	305	85	2
654	2020-08-24	385	22	4
655	2020-08-26	424	14	6
656	2020-08-26	994	16	9
657	2020-08-26	776	93	1
658	2020-08-26	153	18	6
659	2020-08-26	336	6	8
660	2020-08-28	797	100	9
661	2020-08-28	184	83	7
662	2020-08-28	484	66	9
663	2020-08-28	792	86	3
664	2020-08-28	270	90	6
665	2020-08-28	748	82	7
666	2020-08-30	531	90	7
667	2020-08-30	438	40	2
668	2020-08-30	802	55	10
669	2020-08-30	900	6	7
670	2020-08-30	604	72	8
671	2020-08-30	925	9	10
672	2020-09-01	734	36	6
673	2020-09-01	503	4	9
674	2020-09-01	525	42	7
675	2020-09-03	34	37	6
676	2020-09-03	753	18	5
677	2020-09-03	736	99	6
678	2020-09-03	971	38	4
679	2020-09-05	130	56	3
680	2020-09-05	209	44	9
681	2020-09-05	237	94	6
682	2020-09-05	685	76	3
683	2020-09-05	921	29	4
684	2020-09-05	435	53	1
685	2020-09-05	814	71	7
686	2020-09-07	232	99	4
687	2020-09-07	926	35	1
688	2020-09-07	634	39	1
689	2020-09-07	640	68	7
690	2020-09-07	8	75	2
691	2020-09-07	569	36	5
692	2020-09-07	343	30	7
693	2020-09-07	519	42	5
694	2020-09-09	285	73	6
695	2020-09-09	105	98	5
696	2020-09-09	40	62	2
697	2020-09-09	242	67	10
698	2020-09-09	745	42	10
699	2020-09-09	204	95	10
700	2020-09-11	485	75	10
701	2020-09-11	212	21	2
702	2020-09-11	996	20	4
703	2020-09-11	697	88	6
704	2020-09-11	19	10	10
705	2020-09-13	42	48	8
706	2020-09-13	335	62	8
707	2020-09-13	913	58	4
708	2020-09-13	790	37	7
709	2020-09-13	302	81	10
710	2020-09-15	10	98	5
711	2020-09-15	29	97	3
712	2020-09-15	804	61	1
713	2020-09-17	865	12	10
714	2020-09-17	491	86	5
715	2020-09-17	780	17	2
716	2020-09-17	607	25	5
717	2020-09-17	818	97	5
718	2020-09-19	475	27	9
719	2020-09-19	441	62	9
720	2020-09-19	339	34	2
721	2020-09-19	483	100	8
722	2020-09-21	493	48	1
723	2020-09-21	390	75	10
724	2020-09-21	606	57	10
725	2020-09-21	479	22	7
726	2020-09-21	919	1	3
727	2020-09-23	60	78	10
728	2020-09-23	72	60	4
729	2020-09-23	417	79	8
730	2020-09-23	855	42	6
731	2020-09-23	599	26	6
732	2020-09-23	87	71	2
733	2020-09-23	944	79	3
734	2020-09-23	393	70	3
735	2020-09-23	120	33	7
736	2020-09-23	122	46	4
737	2020-09-25	545	94	2
738	2020-09-25	91	89	9
739	2020-09-25	672	94	2
740	2020-09-25	238	90	9
741	2020-09-27	83	27	10
742	2020-09-27	505	47	8
743	2020-09-27	906	10	2
744	2020-09-27	177	76	10
745	2020-09-27	794	20	9
746	2020-09-27	992	11	10
747	2020-09-29	960	37	3
748	2020-10-01	421	60	1
749	2020-10-01	997	42	2
750	2020-10-01	963	1	5
751	2020-10-03	570	55	6
752	2020-10-03	533	38	4
753	2020-10-03	317	37	4
754	2020-10-03	922	10	6
755	2020-10-03	930	89	9
756	2020-10-03	527	87	3
757	2020-10-03	366	78	10
758	2020-10-03	333	89	10
759	2020-10-05	118	11	5
760	2020-10-05	498	14	9
761	2020-10-05	598	10	10
762	2020-10-05	101	21	4
763	2020-10-05	401	91	1
764	2020-10-05	763	89	10
765	2020-10-05	951	67	3
766	2020-10-05	434	82	9
767	2020-10-07	330	34	6
768	2020-10-07	225	51	7
769	2020-10-09	15	1	1
770	2020-10-09	760	2	3
771	2020-10-09	289	55	7
772	2020-10-09	279	54	10
773	2020-10-09	877	11	4
774	2020-10-09	32	46	5
775	2020-10-09	220	81	1
776	2020-10-09	53	91	1
777	2020-10-13	863	85	7
778	2020-10-13	160	71	8
779	2020-10-13	756	4	2
780	2020-10-13	822	9	10
781	2020-10-13	453	15	7
782	2020-10-13	58	100	8
783	2020-10-13	937	73	3
784	2020-10-15	582	86	5
785	2020-10-15	487	23	5
786	2020-10-15	869	14	1
787	2020-10-15	581	12	10
788	2020-10-17	460	25	4
789	2020-10-17	562	38	5
790	2020-10-17	387	76	5
791	2020-10-17	264	5	6
792	2020-10-19	369	78	4
793	2020-10-19	746	40	4
794	2020-10-19	909	38	8
795	2020-10-19	680	53	9
796	2020-10-19	885	10	3
797	2020-10-19	319	59	4
798	2020-10-21	518	24	9
799	2020-10-21	457	21	9
800	2020-10-21	141	31	2
801	2020-10-21	301	57	2
802	2020-10-23	636	85	7
803	2020-10-23	669	17	9
804	2020-10-23	426	45	9
805	2020-10-23	372	48	7
806	2020-10-25	373	53	3
807	2020-10-25	470	14	2
808	2020-10-25	147	75	8
809	2020-10-25	638	39	9
810	2020-10-27	859	15	9
811	2020-10-27	363	74	4
812	2020-10-27	986	61	8
813	2020-10-27	174	68	3
814	2020-10-27	61	70	2
815	2020-10-27	821	37	1
816	2020-10-27	404	43	3
817	2020-10-29	183	46	1
818	2020-10-29	3	8	6
819	2020-10-29	509	15	10
820	2020-10-29	750	61	9
821	2020-10-29	198	21	10
822	2020-10-29	290	16	5
823	2020-10-29	779	65	4
824	2020-10-31	902	98	5
825	2020-10-31	764	11	6
826	2020-10-31	577	19	2
827	2020-10-31	314	68	2
828	2020-10-31	228	83	4
829	2020-10-31	867	95	2
830	2020-10-31	284	13	3
831	2020-10-31	931	75	9
832	2020-10-31	950	19	8
833	2020-10-31	904	14	1
834	2020-10-31	795	81	10
835	2020-11-02	552	37	8
836	2020-11-02	559	86	7
837	2020-11-02	719	96	7
838	2020-11-02	354	78	7
839	2020-11-02	155	54	10
840	2020-11-02	166	98	4
841	2020-11-02	773	69	8
842	2020-11-02	167	45	2
843	2020-11-02	918	36	7
844	2020-11-04	843	94	4
845	2020-11-04	720	58	10
846	2020-11-04	714	73	8
847	2020-11-04	632	54	3
848	2020-11-04	78	66	2
849	2020-11-04	306	56	7
850	2020-11-06	92	67	9
851	2020-11-06	628	28	10
852	2020-11-06	947	54	3
853	2020-11-06	949	18	3
854	2020-11-06	968	44	9
855	2020-11-08	291	28	2
856	2020-11-08	698	16	7
857	2020-11-08	139	89	9
858	2020-11-08	436	92	10
859	2020-11-08	528	50	9
860	2020-11-08	124	78	2
861	2020-11-08	828	95	4
862	2020-11-10	907	72	5
863	2020-11-10	671	69	9
864	2020-11-10	283	89	1
865	2020-11-10	13	48	8
866	2020-11-12	420	74	1
867	2020-11-12	26	40	10
868	2020-11-12	252	60	5
869	2020-11-12	54	25	6
870	2020-11-12	310	22	6
871	2020-11-14	535	79	7
872	2020-11-14	610	52	10
873	2020-11-14	550	94	4
874	2020-11-16	414	21	8
875	2020-11-16	320	29	10
876	2020-11-18	157	19	8
877	2020-11-18	517	62	5
878	2020-11-18	530	92	4
879	2020-11-20	217	28	8
880	2020-11-20	513	18	4
881	2020-11-20	854	30	5
882	2020-11-20	707	8	1
883	2020-11-20	223	32	3
884	2020-11-20	321	64	3
885	2020-11-20	281	7	1
886	2020-11-22	953	50	4
887	2020-11-22	454	70	7
888	2020-11-22	497	79	3
889	2020-11-22	830	20	9
890	2020-11-22	663	24	9
891	2020-11-22	705	34	3
892	2020-11-24	190	89	6
893	2020-11-24	5	20	4
894	2020-11-24	583	84	3
895	2020-11-24	725	41	8
896	2020-11-24	782	22	9
897	2020-11-24	810	4	4
898	2020-11-24	646	14	6
899	2020-11-26	75	75	7
900	2020-11-26	772	50	3
901	2020-11-26	596	37	6
902	2020-11-26	609	49	3
903	2020-11-26	789	28	4
904	2020-11-26	63	24	9
905	2020-11-26	234	53	2
906	2020-11-28	536	96	8
907	2020-11-28	892	45	5
908	2020-11-28	899	59	7
909	2020-11-28	103	49	9
910	2020-11-28	762	77	2
911	2020-11-28	11	56	5
912	2020-11-28	205	90	5
913	2020-11-28	389	64	10
914	2020-11-30	358	11	3
915	2020-11-30	693	61	5
916	2020-12-02	807	68	1
917	2020-12-02	761	99	4
918	2020-12-02	245	20	9
919	2020-12-02	588	83	8
920	2020-12-04	24	60	8
921	2020-12-04	74	78	7
922	2020-12-04	741	87	9
923	2020-12-04	162	93	1
924	2020-12-04	96	64	3
925	2020-12-04	338	53	7
926	2020-12-04	787	91	4
927	2020-12-06	268	52	8
928	2020-12-06	893	64	4
929	2020-12-06	364	86	5
930	2020-12-06	22	15	8
931	2020-12-06	240	96	7
932	2020-12-08	191	62	5
933	2020-12-08	407	99	7
934	2020-12-08	450	77	2
935	2020-12-08	192	100	2
936	2020-12-10	326	40	4
937	2020-12-10	136	91	9
938	2020-12-10	806	79	6
939	2020-12-10	23	91	3
940	2020-12-10	20	21	5
941	2020-12-10	416	63	10
942	2020-12-10	272	33	1
943	2020-12-10	751	4	7
944	2020-12-12	195	77	8
945	2020-12-12	827	77	2
946	2020-12-12	678	7	8
947	2020-12-12	534	86	9
948	2020-12-12	769	78	4
949	2020-12-12	954	93	8
950	2020-12-14	298	35	4
951	2020-12-14	981	59	9
952	2020-12-14	69	45	7
953	2020-12-14	681	21	6
954	2020-12-16	9	26	3
955	2020-12-16	188	31	10
956	2020-12-16	932	65	4
957	2020-12-16	765	73	2
958	2020-12-16	257	36	2
959	2020-12-16	151	45	7
960	2020-12-16	985	91	1
961	2020-12-18	280	78	6
962	2020-12-18	805	42	6
963	2020-12-18	297	16	4
964	2020-12-18	964	5	10
965	2020-12-18	602	17	5
966	2020-12-20	236	14	1
967	2020-12-20	872	31	6
968	2020-12-20	538	29	8
969	2020-12-20	300	41	3
970	2020-12-20	2	4	7
971	2020-12-20	808	79	4
972	2020-12-20	222	98	10
973	2020-12-20	360	42	6
974	2020-12-20	871	50	5
975	2020-12-22	967	31	3
976	2020-12-22	543	47	7
977	2020-12-22	889	21	5
978	2020-12-24	452	75	6
979	2020-12-24	747	57	5
980	2020-12-24	522	80	10
981	2020-12-24	346	21	8
982	2020-12-24	735	58	5
983	2020-12-24	540	7	1
984	2020-12-24	323	35	10
985	2020-12-24	664	18	5
986	2020-12-26	18	8	1
987	2020-12-26	515	41	10
988	2020-12-26	411	34	10
989	2020-12-28	490	44	8
990	2020-12-28	127	100	8
991	2020-12-28	706	71	5
992	2020-12-28	594	90	2
993	2020-12-28	471	81	1
994	2020-12-28	227	33	5
995	2020-12-28	126	36	8
996	2020-12-28	784	63	2
997	2020-12-30	975	77	6
998	2020-12-30	247	60	7
999	2020-12-30	344	13	2
1000	2020-12-30	605	40	7
1001	2020-01-01	223	14	10
1002	2020-01-01	672	99	1
1003	2020-01-02	199	82	5
1004	2020-01-02	720	11	1
1005	2020-01-03	41	51	5
1006	2020-01-03	845	29	9
1007	2020-01-03	6	77	1
1008	2020-01-04	239	62	10
1009	2020-01-04	578	88	2
1010	2020-01-04	206	98	2
1011	2020-01-05	369	52	9
1012	2020-01-05	646	67	2
1013	2020-01-05	267	11	10
1014	2020-01-05	932	69	10
1015	2020-01-05	408	43	2
1016	2020-01-05	77	34	1
1017	2020-01-07	53	7	5
1018	2020-01-07	153	14	9
1019	2020-01-08	811	92	1
1020	2020-01-08	555	72	3
1021	2020-01-08	570	93	4
1022	2020-01-09	329	55	4
1023	2020-01-09	473	2	5
1024	2020-01-10	376	18	3
1025	2020-01-10	172	2	1
1026	2020-01-11	412	16	6
1027	2020-01-11	39	93	3
1028	2020-01-11	989	13	10
1029	2020-01-12	556	92	9
1030	2020-01-12	773	64	5
1031	2020-01-13	123	99	3
1032	2020-01-14	888	38	10
1033	2020-01-14	830	84	9
1034	2020-01-15	962	60	3
1035	2020-01-15	548	95	9
1036	2020-01-15	683	26	9
1037	2020-01-17	897	73	10
1038	2020-01-18	608	67	8
1039	2020-01-18	525	52	8
1040	2020-01-19	91	9	9
1041	2020-01-20	644	65	10
1042	2020-01-20	829	99	7
1043	2020-01-20	778	26	10
1044	2020-01-20	357	84	7
1045	2020-01-21	296	16	2
1046	2020-01-21	708	60	1
1047	2020-01-21	677	14	3
1048	2020-01-21	947	48	3
1049	2020-01-21	853	23	6
1050	2020-01-22	562	16	1
1051	2020-01-22	474	29	2
1052	2020-01-22	737	42	5
1053	2020-01-22	467	78	5
1054	2020-01-23	188	35	10
1055	2020-01-23	311	14	2
1056	2020-01-23	723	33	8
1057	2020-01-23	717	34	2
1058	2020-01-24	465	16	4
1059	2020-01-24	638	78	9
1060	2020-01-25	211	93	6
1061	2020-01-25	448	16	3
1062	2020-01-25	124	27	4
1063	2020-01-25	864	65	2
1064	2020-01-25	168	41	2
1065	2020-01-26	884	94	9
1066	2020-01-26	133	70	9
1067	2020-01-26	470	77	7
1068	2020-01-26	665	15	8
1069	2020-01-26	89	100	10
1070	2020-01-27	674	83	8
1071	2020-01-28	670	66	1
1072	2020-01-28	809	12	6
1073	2020-01-29	93	67	1
1074	2020-01-29	635	100	5
1075	2020-01-29	566	73	3
1076	2020-01-30	972	91	1
1077	2020-01-30	492	82	4
1078	2020-01-30	28	23	8
1079	2020-01-30	278	37	4
1080	2020-01-30	569	76	4
1081	2020-01-31	749	45	3
1082	2020-01-31	832	8	2
1083	2020-01-31	68	99	1
1084	2020-02-02	334	5	10
1085	2020-02-02	594	13	9
1086	2020-02-02	368	6	7
1087	2020-02-03	112	95	5
1088	2020-02-03	341	73	2
1089	2020-02-03	960	36	7
1090	2020-02-03	283	8	8
1091	2020-02-04	519	8	5
1092	2020-02-04	160	52	8
1093	2020-02-05	11	69	6
1094	2020-02-06	681	18	6
1095	2020-02-06	312	72	4
1096	2020-02-06	190	37	8
1097	2020-02-06	447	29	8
1098	2020-02-07	48	25	10
1099	2020-02-07	469	80	3
1100	2020-02-08	263	81	8
1101	2020-02-08	184	49	8
1102	2020-02-08	482	95	3
1103	2020-02-08	496	23	2
1104	2020-02-09	472	43	5
1105	2020-02-09	150	85	7
1106	2020-02-09	915	32	2
1107	2020-02-10	433	23	9
1108	2020-02-10	31	61	1
1109	2020-02-10	218	12	3
1110	2020-02-10	560	73	9
1111	2020-02-10	625	95	7
1112	2020-02-10	295	48	5
1113	2020-02-11	905	45	4
1114	2020-02-11	539	41	10
1115	2020-02-11	375	46	10
1116	2020-02-11	858	8	9
1117	2020-02-11	696	79	1
1118	2020-02-11	663	33	2
1119	2020-02-11	636	19	3
1120	2020-02-12	405	97	4
1121	2020-02-13	363	56	2
1122	2020-02-13	52	36	8
1123	2020-02-13	241	62	3
1124	2020-02-13	862	27	4
1125	2020-02-14	214	92	8
1126	2020-02-14	169	28	2
1127	2020-02-15	871	57	10
1128	2020-02-15	386	95	2
1129	2020-02-16	765	14	8
1130	2020-02-16	536	52	5
1131	2020-02-16	128	34	10
1132	2020-02-17	379	81	8
1133	2020-02-17	450	90	2
1134	2020-02-17	982	77	10
1135	2020-02-17	929	49	7
1136	2020-02-17	992	55	8
1137	2020-02-18	139	55	10
1138	2020-02-18	837	41	3
1139	2020-02-19	746	63	9
1140	2020-02-19	34	12	3
1141	2020-02-19	622	31	5
1142	2020-02-20	941	30	3
1143	2020-02-21	957	74	1
1144	2020-02-22	812	97	8
1145	2020-02-22	298	100	8
1146	2020-02-22	94	96	10
1147	2020-02-22	739	66	10
1148	2020-02-23	844	76	5
1149	2020-02-23	769	24	7
1150	2020-02-23	704	50	1
1151	2020-02-23	196	50	10
1152	2020-02-24	96	6	8
1153	2020-02-24	565	22	1
1154	2020-02-24	968	46	6
1155	2020-02-24	886	55	8
1156	2020-02-25	18	62	6
1157	2020-02-25	29	39	8
1158	2020-02-25	457	26	9
1159	2020-02-25	8	21	9
1160	2020-02-25	909	23	7
1161	2020-02-26	631	13	7
1162	2020-02-26	209	59	6
1163	2020-02-27	599	4	4
1164	2020-02-27	157	29	5
1165	2020-02-28	887	44	7
1166	2020-02-28	764	33	9
1167	2020-02-28	140	65	2
1168	2020-02-29	127	39	4
1169	2020-02-29	59	81	5
1170	2020-03-01	164	69	4
1171	2020-03-01	148	50	9
1172	2020-03-01	997	22	9
1173	2020-03-02	326	11	9
1174	2020-03-02	441	68	4
1175	2020-03-02	360	100	6
1176	2020-03-02	744	76	3
1177	2020-03-02	590	71	3
1178	2020-03-03	919	27	2
1179	2020-03-03	75	3	3
1180	2020-03-04	69	21	8
1181	2020-03-04	390	67	6
1182	2020-03-04	626	12	2
1183	2020-03-04	197	80	1
1184	2020-03-04	703	21	1
1185	2020-03-05	506	98	2
1186	2020-03-05	116	25	1
1187	2020-03-05	614	97	8
1188	2020-03-05	99	58	2
1189	2020-03-05	331	98	3
1190	2020-03-06	249	81	8
1191	2020-03-07	136	47	3
1192	2020-03-07	114	50	5
1193	2020-03-07	985	54	7
1194	2020-03-08	427	24	7
1195	2020-03-08	173	86	9
1196	2020-03-09	58	68	4
1197	2020-03-09	546	35	5
1198	2020-03-10	702	100	3
1199	2020-03-11	750	77	5
1200	2020-03-11	306	77	5
1201	2020-03-12	402	26	4
1202	2020-03-12	693	87	6
1203	2020-03-12	865	54	8
1204	2020-03-13	466	45	6
1205	2020-03-14	313	35	6
1206	2020-03-14	16	90	9
1207	2020-03-14	814	80	2
1208	2020-03-14	243	13	7
1209	2020-03-14	557	33	7
1210	2020-03-15	537	23	8
1211	2020-03-15	286	76	10
1212	2020-03-16	87	81	7
1213	2020-03-16	745	71	6
1214	2020-03-16	741	22	5
1215	2020-03-16	300	76	1
1216	2020-03-17	807	79	9
1217	2020-03-17	650	69	2
1218	2020-03-17	414	5	8
1219	2020-03-17	388	13	4
1220	2020-03-17	675	47	8
1221	2020-03-18	828	72	3
1222	2020-03-19	654	28	4
1223	2020-03-20	247	7	2
1224	2020-03-20	192	38	1
1225	2020-03-21	980	8	8
1226	2020-03-21	231	11	4
1227	2020-03-21	327	88	8
1228	2020-03-21	490	76	1
1229	2020-03-21	203	52	2
1230	2020-03-22	134	78	9
1231	2020-03-22	552	25	7
1232	2020-03-23	377	75	8
1233	2020-03-23	479	21	3
1234	2020-03-23	800	54	10
1235	2020-03-24	122	47	5
1236	2020-03-24	550	6	1
1237	2020-03-25	119	9	9
1238	2020-03-25	642	49	9
1239	2020-03-25	579	64	4
1240	2020-03-25	92	12	9
1241	2020-03-26	836	66	1
1242	2020-03-26	378	22	9
1243	2020-03-26	252	68	6
1244	2020-03-27	294	34	2
1245	2020-03-27	481	59	2
1246	2020-03-28	583	7	7
1247	2020-03-28	699	50	7
1248	2020-03-29	259	35	7
1249	2020-03-30	818	4	4
1250	2020-03-30	38	81	7
1251	2020-03-31	151	86	1
1252	2020-03-31	610	13	1
1253	2020-03-31	70	22	3
1254	2020-03-31	592	58	1
1255	2020-03-31	354	11	10
1256	2020-03-31	923	46	10
1257	2020-04-02	340	31	2
1258	2020-04-02	867	80	6
1259	2020-04-02	17	64	4
1260	2020-04-03	401	22	7
1261	2020-04-03	775	59	2
1262	2020-04-03	878	55	6
1263	2020-04-03	276	75	1
1264	2020-04-03	484	56	7
1265	2020-04-03	84	70	6
1266	2020-04-04	719	5	6
1267	2020-04-04	21	58	5
1268	2020-04-04	146	86	3
1269	2020-04-04	102	63	8
1270	2020-04-04	544	42	4
1271	2020-04-05	826	81	6
1272	2020-04-05	230	54	10
1273	2020-04-06	62	32	4
1274	2020-04-06	413	50	6
1275	2020-04-07	600	56	5
1276	2020-04-08	925	19	5
1277	2020-04-09	423	66	3
1278	2020-04-09	789	51	1
1279	2020-04-09	742	58	10
1280	2020-04-10	792	8	4
1281	2020-04-10	407	94	5
1282	2020-04-10	365	43	4
1283	2020-04-11	7	66	6
1284	2020-04-11	303	71	4
1285	2020-04-13	284	65	2
1286	2020-04-13	240	72	1
1287	2020-04-13	857	48	1
1288	2020-04-13	692	50	8
1289	2020-04-14	805	17	6
1290	2020-04-14	895	90	10
1291	2020-04-14	287	60	2
1292	2020-04-14	32	89	10
1293	2020-04-14	361	85	10
1294	2020-04-14	187	90	9
1295	2020-04-14	274	75	9
1296	2020-04-15	432	89	8
1297	2020-04-15	198	21	4
1298	2020-04-15	143	58	9
1299	2020-04-15	120	41	8
1300	2020-04-15	316	26	5
1301	2020-04-15	366	62	2
1302	2020-04-16	104	47	3
1303	2020-04-16	783	9	9
1304	2020-04-16	328	43	9
1305	2020-04-16	937	67	5
1306	2020-04-17	879	96	2
1307	2020-04-17	527	31	5
1308	2020-04-17	540	5	2
1309	2020-04-18	728	16	6
1310	2020-04-19	598	81	1
1311	2020-04-20	439	94	2
1312	2020-04-20	671	51	7
1313	2020-04-20	304	32	2
1314	2020-04-20	227	93	6
1315	2020-04-21	850	31	5
1316	2020-04-21	575	9	5
1317	2020-04-21	387	42	3
1318	2020-04-21	129	22	4
1319	2020-04-23	130	50	10
1320	2020-04-25	918	64	9
1321	2020-04-25	57	68	8
1322	2020-04-26	362	28	10
1323	2020-04-27	71	78	8
1324	2020-04-28	318	15	4
1325	2020-04-28	442	39	5
1326	2020-04-28	951	79	9
1327	2020-04-28	894	15	3
1328	2020-04-29	411	61	10
1329	2020-04-29	106	60	3
1330	2020-04-29	956	97	10
1331	2020-04-30	275	31	8
1332	2020-04-30	954	68	8
1333	2020-05-01	253	24	7
1334	2020-05-01	587	29	3
1335	2020-05-01	392	40	6
1336	2020-05-01	343	44	5
1337	2020-05-01	733	42	6
1338	2020-05-01	477	41	5
1339	2020-05-01	859	50	7
1340	2020-05-01	262	13	4
1341	2020-05-01	505	26	1
1342	2020-05-01	36	74	6
1343	2020-05-02	429	63	2
1344	2020-05-03	904	20	10
1345	2020-05-03	651	61	5
1346	2020-05-05	107	58	1
1347	2020-05-06	735	47	7
1348	2020-05-06	217	99	8
1349	2020-05-06	849	48	9
1350	2020-05-07	912	40	10
1351	2020-05-07	117	30	5
1352	2020-05-07	963	7	7
1353	2020-05-07	821	39	7
1354	2020-05-08	964	66	2
1355	2020-05-08	666	98	5
1356	2020-05-08	288	55	3
1357	2020-05-08	758	71	5
1358	2020-05-08	266	100	7
1359	2020-05-09	689	69	6
1360	2020-05-09	738	86	10
1361	2020-05-09	987	59	2
1362	2020-05-09	161	70	7
1363	2020-05-11	869	76	4
1364	2020-05-11	851	7	7
1365	2020-05-11	291	41	9
1366	2020-05-11	602	66	9
1367	2020-05-12	419	39	6
1368	2020-05-12	678	57	7
1369	2020-05-12	643	83	10
1370	2020-05-12	709	10	8
1371	2020-05-12	754	20	9
1372	2020-05-13	12	26	8
1373	2020-05-13	803	78	2
1374	2020-05-13	815	62	7
1375	2020-05-14	73	81	7
1376	2020-05-14	458	50	2
1377	2020-05-14	309	14	6
1378	2020-05-14	747	54	6
1379	2020-05-14	899	27	5
1380	2020-05-15	336	61	5
1381	2020-05-15	656	36	1
1382	2020-05-15	321	19	9
1383	2020-05-16	969	2	6
1384	2020-05-16	794	28	4
1385	2020-05-16	66	88	8
1386	2020-05-16	250	37	10
1387	2020-05-16	866	88	1
1388	2020-05-16	23	94	1
1389	2020-05-17	538	6	1
1390	2020-05-18	483	13	8
1391	2020-05-18	715	6	2
1392	2020-05-18	676	72	8
1393	2020-05-19	14	3	1
1394	2020-05-19	273	2	4
1395	2020-05-20	182	62	2
1396	2020-05-20	293	77	7
1397	2020-05-20	330	62	4
1398	2020-05-20	756	95	10
1399	2020-05-21	639	94	9
1400	2020-05-22	86	71	9
1401	2020-05-22	685	7	1
1402	2020-05-23	462	84	5
1403	2020-05-23	637	74	7
1404	2020-05-23	938	86	9
1405	2020-05-24	817	2	7
1406	2020-05-24	790	60	9
1407	2020-05-24	662	82	3
1408	2020-05-25	504	94	10
1409	2020-05-25	5	22	4
1410	2020-05-25	825	40	7
1411	2020-05-26	690	68	8
1412	2020-05-26	701	1	3
1413	2020-05-27	79	24	10
1414	2020-05-27	999	62	5
1415	2020-05-28	113	79	9
1416	2020-05-28	518	87	7
1417	2020-05-29	795	53	4
1418	2020-05-29	612	70	6
1419	2020-05-30	381	78	6
1420	2020-05-31	628	19	6
1421	2020-05-31	892	28	2
1422	2020-06-02	860	3	1
1423	2020-06-02	103	77	8
1424	2020-06-02	718	94	9
1425	2020-06-02	589	66	6
1426	2020-06-03	771	38	3
1427	2020-06-03	254	31	8
1428	2020-06-04	955	21	4
1429	2020-06-04	15	29	2
1430	2020-06-04	299	41	7
1431	2020-06-04	270	70	5
1432	2020-06-04	158	41	9
1433	2020-06-05	872	98	10
1434	2020-06-05	349	62	1
1435	2020-06-06	461	30	6
1436	2020-06-06	258	71	7
1437	2020-06-06	301	16	8
1438	2020-06-06	819	53	6
1439	2020-06-07	898	9	7
1440	2020-06-07	495	12	2
1441	2020-06-08	842	7	8
1442	2020-06-08	906	4	3
1443	2020-06-08	861	32	5
1444	2020-06-08	801	13	7
1445	2020-06-08	233	61	2
1446	2020-06-09	480	98	2
1447	2020-06-09	564	90	4
1448	2020-06-10	154	13	10
1449	2020-06-10	526	7	5
1450	2020-06-10	641	78	2
1451	2020-06-10	290	22	7
1452	2020-06-11	561	89	2
1453	2020-06-11	988	23	4
1454	2020-06-11	734	68	3
1455	2020-06-12	108	64	7
1456	2020-06-12	839	15	5
1457	2020-06-12	213	83	5
1458	2020-06-13	874	7	10
1459	2020-06-13	647	35	4
1460	2020-06-13	981	98	2
1461	2020-06-14	627	97	2
1462	2020-06-14	653	31	3
1463	2020-06-14	936	62	10
1464	2020-06-14	415	13	4
1465	2020-06-14	567	69	1
1466	2020-06-14	30	92	1
1467	2020-06-15	345	65	7
1468	2020-06-15	37	31	5
1469	2020-06-17	509	7	1
1470	2020-06-18	917	72	7
1471	2020-06-18	219	78	6
1472	2020-06-19	779	10	7
1473	2020-06-19	260	62	3
1474	2020-06-19	13	49	3
1475	2020-06-20	478	34	5
1476	2020-06-20	391	74	4
1477	2020-06-20	958	86	8
1478	2020-06-21	731	76	9
1479	2020-06-21	732	81	4
1480	2020-06-21	272	72	2
1481	2020-06-22	984	74	8
1482	2020-06-23	371	33	1
1483	2020-06-23	353	37	3
1484	2020-06-23	144	39	5
1485	2020-06-23	983	90	1
1486	2020-06-24	186	88	7
1487	2020-06-24	545	47	1
1488	2020-06-24	820	7	6
1489	2020-06-24	798	40	2
1490	2020-06-25	595	46	7
1491	2020-06-25	351	16	2
1492	2020-06-25	438	10	9
1493	2020-06-25	180	56	1
1494	2020-06-25	877	3	2
1495	2020-06-25	966	35	10
1496	2020-06-26	634	95	5
1497	2020-06-26	682	23	6
1498	2020-06-27	145	44	9
1499	2020-06-27	751	4	1
1500	2020-06-27	222	7	5
1501	2020-06-27	882	77	8
1502	2020-06-28	808	80	8
1503	2020-06-29	942	51	10
1504	2020-06-30	56	89	5
1505	2020-07-01	713	21	2
1506	2020-07-01	245	36	2
1507	2020-07-01	856	81	5
1508	2020-07-01	285	51	1
1509	2020-07-02	425	78	5
1510	2020-07-03	235	51	2
1511	2020-07-03	323	41	1
1512	2020-07-04	834	94	5
1513	2020-07-04	840	35	2
1514	2020-07-05	208	63	7
1515	2020-07-05	428	32	5
1516	2020-07-05	115	33	3
1517	2020-07-05	265	13	10
1518	2020-07-05	609	20	5
1519	2020-07-05	990	72	5
1520	2020-07-06	105	3	5
1521	2020-07-06	974	30	1
1522	2020-07-06	289	33	8
1523	2020-07-06	394	67	8
1524	2020-07-07	523	43	4
1525	2020-07-07	207	82	4
1526	2020-07-07	493	4	1
1527	2020-07-07	514	43	9
1528	2020-07-07	2	49	3
1529	2020-07-08	156	10	8
1530	2020-07-08	118	61	3
1531	2020-07-08	781	18	1
1532	2020-07-09	528	85	5
1533	2020-07-09	155	51	4
1534	2020-07-09	993	44	6
1535	2020-07-09	890	89	10
1536	2020-07-10	722	73	3
1537	2020-07-10	928	98	3
1538	2020-07-11	364	26	7
1539	2020-07-11	577	95	4
1540	2020-07-11	204	73	8
1541	2020-07-11	225	22	8
1542	2020-07-12	476	19	7
1543	2020-07-13	76	9	2
1544	2020-07-13	876	54	5
1545	2020-07-13	497	94	6
1546	2020-07-14	308	22	8
1547	2020-07-14	752	46	5
1548	2020-07-15	607	74	9
1549	2020-07-15	22	42	6
1550	2020-07-16	24	24	5
1551	2020-07-16	901	11	3
1552	2020-07-16	256	76	10
1553	2020-07-16	455	35	5
1554	2020-07-16	687	84	3
1555	2020-07-17	973	63	8
1556	2020-07-17	78	91	6
1557	2020-07-17	215	58	6
1558	2020-07-18	953	62	7
1559	2020-07-18	454	8	1
1560	2020-07-18	83	80	6
1561	2020-07-18	228	13	6
1562	2020-07-18	420	82	2
1563	2020-07-19	916	86	10
1564	2020-07-19	189	47	8
1565	2020-07-19	417	42	3
1566	2020-07-19	776	78	10
1567	2020-07-19	949	50	7
1568	2020-07-20	613	46	7
1569	2020-07-20	435	43	4
1570	2020-07-21	400	3	8
1571	2020-07-21	348	53	1
1572	2020-07-21	880	40	2
1573	2020-07-23	159	92	3
1574	2020-07-24	3	62	4
1575	2020-07-24	125	5	5
1576	2020-07-25	499	47	5
1577	2020-07-25	714	89	2
1578	2020-07-25	797	69	6
1579	2020-07-25	551	49	7
1580	2020-07-26	424	6	8
1581	2020-07-29	95	70	5
1582	2020-07-29	60	48	7
1583	2020-07-29	788	63	10
1584	2020-07-29	302	15	5
1585	2020-07-30	931	95	10
1586	2020-07-30	491	29	2
1587	2020-07-31	521	54	2
1588	2020-07-31	271	41	2
1589	2020-07-31	279	64	9
1590	2020-07-31	686	80	5
1591	2020-07-31	232	44	10
1592	2020-08-01	503	85	2
1593	2020-08-01	63	11	2
1594	2020-08-02	456	82	2
1595	2020-08-02	44	73	1
1596	2020-08-02	40	61	7
1597	2020-08-02	229	71	3
1598	2020-08-02	950	22	7
1599	2020-08-02	810	60	4
1600	2020-08-04	205	87	10
1601	2020-08-04	891	92	5
1602	2020-08-04	163	38	1
1603	2020-08-04	847	20	10
1604	2020-08-05	485	27	4
1605	2020-08-05	620	26	6
1606	2020-08-05	617	32	5
1607	2020-08-05	965	58	6
1608	2020-08-05	691	99	3
1609	2020-08-05	43	11	3
1610	2020-08-06	911	38	5
1611	2020-08-07	629	44	3
1612	2020-08-07	597	23	2
1613	2020-08-08	684	98	6
1614	2020-08-08	147	16	2
1615	2020-08-09	530	33	9
1616	2020-08-10	74	58	7
1617	2020-08-10	768	53	1
1618	2020-08-10	350	35	2
1619	2020-08-10	451	86	7
1620	2020-08-10	870	80	4
1621	2020-08-10	542	10	7
1622	2020-08-10	436	48	6
1623	2020-08-11	434	89	2
1624	2020-08-11	320	41	6
1625	2020-08-11	398	94	6
1626	2020-08-12	453	96	5
1627	2020-08-12	460	90	10
1628	2020-08-12	385	14	8
1629	2020-08-13	494	79	10
1630	2020-08-13	977	83	1
1631	2020-08-13	111	61	5
1632	2020-08-14	549	88	1
1633	2020-08-14	621	45	7
1634	2020-08-15	787	49	9
1635	2020-08-15	193	25	5
1636	2020-08-16	630	86	4
1637	2020-08-16	823	64	6
1638	2020-08-17	194	96	3
1639	2020-08-18	356	91	2
1640	2020-08-18	185	99	4
1641	2020-08-18	868	41	3
1642	2020-08-18	903	60	6
1643	2020-08-19	109	90	5
1644	2020-08-19	926	21	4
1645	2020-08-19	445	63	7
1646	2020-08-19	961	47	1
1647	2020-08-20	605	81	10
1648	2020-08-20	996	93	2
1649	2020-08-20	246	56	1
1650	2020-08-20	307	41	3
1651	2020-08-20	924	43	10
1652	2020-08-21	61	82	7
1653	2020-08-21	255	95	4
1654	2020-08-21	603	3	7
1655	2020-08-21	852	35	7
1656	2020-08-22	793	97	8
1657	2020-08-22	611	38	6
1658	2020-08-22	201	3	7
1659	2020-08-23	959	55	6
1660	2020-08-24	452	34	10
1661	2020-08-24	195	74	6
1662	2020-08-24	673	46	2
1663	2020-08-24	761	60	4
1664	2020-08-26	573	54	4
1665	2020-08-26	244	7	4
1666	2020-08-26	655	72	6
1667	2020-08-26	624	17	2
1668	2020-08-26	237	68	7
1669	2020-08-26	339	33	4
1670	2020-08-26	444	54	1
1671	2020-08-27	863	80	9
1672	2020-08-28	162	6	4
1673	2020-08-28	730	2	2
1674	2020-08-28	667	55	9
1675	2020-08-28	85	84	2
1676	2020-08-29	221	38	6
1677	2020-08-29	200	53	9
1678	2020-08-30	766	42	9
1679	2020-08-30	572	60	9
1680	2020-08-30	952	30	3
1681	2020-08-31	580	32	9
1682	2020-08-31	659	56	3
1683	2020-08-31	543	82	5
1684	2020-09-01	500	44	3
1685	2020-09-02	522	83	2
1686	2020-09-02	668	45	4
1687	2020-09-02	661	98	9
1688	2020-09-02	264	65	4
1689	2020-09-03	132	34	10
1690	2020-09-03	757	66	1
1691	2020-09-03	760	27	3
1692	2020-09-03	688	50	3
1693	2020-09-04	409	1	7
1694	2020-09-04	664	45	4
1695	2020-09-04	843	5	5
1696	2020-09-04	346	58	1
1697	2020-09-06	535	2	2
1698	2020-09-06	384	53	3
1699	2020-09-06	991	21	5
1700	2020-09-07	322	69	1
1701	2020-09-08	971	62	2
1702	2020-09-10	20	70	2
1703	2020-09-10	152	38	8
1704	2020-09-10	403	42	5
1705	2020-09-10	998	7	8
1706	2020-09-10	418	26	7
1707	2020-09-10	740	1	2
1708	2020-09-10	297	84	10
1709	2020-09-11	510	32	9
1710	2020-09-11	736	53	9
1711	2020-09-11	333	87	8
1712	2020-09-12	344	78	10
1713	2020-09-12	372	84	1
1714	2020-09-12	359	97	3
1715	2020-09-12	873	33	3
1716	2020-09-13	292	72	6
1717	2020-09-13	135	12	10
1718	2020-09-13	995	79	8
1719	2020-09-13	468	41	6
1720	2020-09-14	767	61	2
1721	2020-09-14	601	38	1
1722	2020-09-15	743	6	6
1723	2020-09-15	591	63	4
1724	2020-09-15	695	19	7
1725	2020-09-15	908	62	4
1726	2020-09-16	900	11	3
1727	2020-09-16	755	45	3
1728	2020-09-16	67	33	10
1729	2020-09-17	777	93	7
1730	2020-09-17	534	53	7
1731	2020-09-17	81	28	5
1732	2020-09-17	697	46	10
1733	2020-09-17	893	94	1
1734	2020-09-18	26	6	6
1735	2020-09-18	724	85	8
1736	2020-09-18	698	5	1
1737	2020-09-19	725	42	7
1738	2020-09-19	175	5	5
1739	2020-09-19	315	17	1
1740	2020-09-20	619	21	1
1741	2020-09-20	277	83	5
1742	2020-09-20	716	71	3
1743	2020-09-21	80	48	10
1744	2020-09-21	324	48	6
1745	2020-09-21	338	10	10
1746	2020-09-21	568	80	7
1747	2020-09-21	748	10	1
1748	2020-09-21	149	93	2
1749	2020-09-22	804	100	9
1750	2020-09-22	224	98	1
1751	2020-09-22	380	50	10
1752	2020-09-22	571	3	2
1753	2020-09-23	553	53	9
1754	2020-09-24	319	69	9
1755	2020-09-25	581	51	1
1756	2020-09-25	824	56	1
1757	2020-09-25	848	61	1
1758	2020-09-26	531	59	10
1759	2020-09-26	131	37	6
1760	2020-09-26	4	6	1
1761	2020-09-27	202	71	2
1762	2020-09-28	176	18	10
1763	2020-09-28	574	9	4
1764	2020-09-30	171	25	3
1765	2020-09-30	921	22	9
1766	2020-10-01	786	74	8
1767	2020-10-01	51	1	4
1768	2020-10-01	799	82	6
1769	2020-10-02	404	47	10
1770	2020-10-03	946	29	9
1771	2020-10-03	784	55	9
1772	2020-10-04	979	51	7
1773	2020-10-04	72	18	1
1774	2020-10-04	393	37	7
1775	2020-10-05	753	95	7
1776	2020-10-05	902	17	6
1777	2020-10-05	721	63	10
1778	2020-10-06	410	45	8
1779	2020-10-06	855	15	5
1780	2020-10-06	791	29	5
1781	2020-10-06	712	13	6
1782	2020-10-07	416	76	9
1783	2020-10-07	604	34	9
1784	2020-10-08	559	61	4
1785	2020-10-08	100	73	2
1786	2020-10-08	443	64	4
1787	2020-10-08	854	69	9
1788	2020-10-09	649	77	5
1789	2020-10-10	846	69	5
1790	2020-10-10	1	89	6
1791	2020-10-11	841	55	6
1792	2020-10-12	317	39	4
1793	2020-10-12	174	18	2
1794	2020-10-12	437	96	5
1795	2020-10-13	257	56	3
1796	2020-10-13	431	26	9
1797	2020-10-13	920	32	10
1798	2020-10-14	707	94	9
1799	2020-10-14	831	39	6
1800	2020-10-14	167	90	9
1801	2020-10-15	501	17	10
1802	2020-10-15	711	76	6
1803	2020-10-16	774	31	1
1804	2020-10-17	212	49	2
1805	2020-10-17	191	55	3
1806	2020-10-17	645	54	2
1807	2020-10-17	907	92	4
1808	2020-10-17	940	92	10
1809	2020-10-17	796	46	10
1810	2020-10-18	511	100	7
1811	2020-10-18	314	98	6
1812	2020-10-18	541	2	5
1813	2020-10-18	236	8	10
1814	2020-10-19	838	73	10
1815	2020-10-19	517	41	3
1816	2020-10-20	383	16	9
1817	2020-10-20	633	69	10
1818	2020-10-20	986	90	4
1819	2020-10-20	780	9	4
1820	2020-10-21	45	65	2
1821	2020-10-22	802	91	5
1822	2020-10-22	488	20	10
1823	2020-10-23	305	42	3
1824	2020-10-23	248	97	4
1825	2020-10-23	615	45	1
1826	2020-10-24	464	38	10
1827	2020-10-25	82	65	5
1828	2020-10-26	486	66	3
1829	2020-10-26	772	98	9
1830	2020-10-26	280	38	4
1831	2020-10-27	927	50	5
1832	2020-10-27	705	53	2
1833	2020-10-27	220	6	10
1834	2020-10-28	352	23	10
1835	2020-10-28	680	86	2
1836	2020-10-29	934	33	10
1837	2020-10-29	426	62	9
1838	2020-10-29	49	96	9
1839	2020-10-29	563	27	6
1840	2020-10-30	126	81	2
1841	2020-10-30	282	35	5
1842	2020-10-30	943	33	2
1843	2020-10-31	251	96	6
1844	2020-10-31	554	70	9
1845	2020-10-31	970	52	4
1846	2020-10-31	516	17	2
1847	2020-11-01	50	91	8
1848	2020-11-02	660	69	7
1849	2020-11-03	835	37	5
1850	2020-11-03	33	100	1
1851	2020-11-03	726	13	1
1852	2020-11-04	679	93	6
1853	2020-11-06	373	74	2
1854	2020-11-06	606	91	4
1855	2020-11-06	588	99	4
1856	2020-11-07	399	71	10
1857	2020-11-07	25	80	2
1858	2020-11-08	98	74	3
1859	2020-11-08	406	88	1
1860	2020-11-09	975	70	6
1861	2020-11-09	46	22	1
1862	2020-11-09	933	29	5
1863	2020-11-11	816	39	2
1864	2020-11-12	513	61	5
1865	2020-11-12	65	15	3
1866	2020-11-12	532	13	7
1867	2020-11-12	515	48	6
1868	2020-11-12	332	47	3
1869	2020-11-13	183	96	1
1870	2020-11-14	507	59	6
1871	2020-11-14	524	83	3
1872	2020-11-15	342	24	6
1873	2020-11-15	181	100	7
1874	2020-11-15	584	14	6
1875	2020-11-15	700	23	1
1876	2020-11-15	585	80	10
1877	2020-11-16	618	8	5
1878	2020-11-16	640	33	5
1879	2020-11-17	382	4	5
1880	2020-11-17	529	78	5
1881	2020-11-18	97	62	10
1882	2020-11-19	281	3	2
1883	2020-11-19	397	15	9
1884	2020-11-20	170	20	8
1885	2020-11-20	42	74	7
1886	2020-11-21	268	47	3
1887	2020-11-21	762	22	6
1888	2020-11-22	883	24	10
1889	2020-11-22	576	89	5
1890	2020-11-22	234	12	8
1891	2020-11-23	547	3	7
1892	2020-11-23	177	91	5
1893	2020-11-23	389	35	10
1894	2020-11-24	948	4	5
1895	2020-11-24	913	11	2
1896	2020-11-24	658	8	4
1897	2020-11-25	138	13	2
1898	2020-11-25	64	86	1
1899	2020-11-25	141	44	4
1900	2020-11-25	520	70	9
1901	2020-11-27	502	66	5
1902	2020-11-27	489	26	5
1903	2020-11-28	994	60	6
1904	2020-11-30	137	1	5
1905	2020-11-30	652	83	5
1906	2020-11-30	487	89	4
1907	2020-12-01	939	17	10
1908	2020-12-01	782	90	4
1909	2020-12-01	459	27	1
1910	2020-12-01	269	24	7
1911	2020-12-02	593	11	2
1912	2020-12-02	875	42	3
1913	2020-12-02	440	78	1
1914	2020-12-02	422	35	8
1915	2020-12-02	210	48	10
1916	2020-12-02	657	39	3
1917	2020-12-02	54	24	2
1918	2020-12-03	648	44	6
1919	2020-12-04	616	42	8
1920	2020-12-05	885	86	1
1921	2020-12-05	9	81	1
1922	2020-12-06	935	62	4
1923	2020-12-06	165	24	9
1924	2020-12-06	463	36	3
1925	2020-12-06	19	65	3
1926	2020-12-07	367	43	4
1927	2020-12-07	238	94	6
1928	2020-12-07	896	16	9
1929	2020-12-08	833	20	9
1930	2020-12-08	586	68	1
1931	2020-12-08	978	58	4
1932	2020-12-09	889	59	10
1933	2020-12-09	90	68	5
1934	2020-12-10	337	55	2
1935	2020-12-10	881	77	5
1936	2020-12-10	944	85	7
1937	2020-12-11	10	34	10
1938	2020-12-11	347	89	1
1939	2020-12-11	694	90	4
1940	2020-12-11	179	79	2
1941	2020-12-11	558	38	10
1942	2020-12-11	142	14	6
1943	2020-12-12	729	69	7
1944	2020-12-12	310	99	1
1945	2020-12-12	430	81	1
1946	2020-12-13	27	27	6
1947	2020-12-13	335	6	9
1948	2020-12-13	759	60	3
1949	2020-12-13	475	41	8
1950	2020-12-14	178	42	7
1951	2020-12-14	358	55	8
1952	2020-12-14	914	71	10
1953	2020-12-15	669	59	1
1954	2020-12-15	508	53	8
1955	2020-12-16	396	49	10
1956	2020-12-16	930	15	3
1957	2020-12-17	261	72	4
1958	2020-12-17	945	46	8
1959	2020-12-17	395	98	10
1960	2020-12-18	35	47	4
1961	2020-12-19	822	67	5
1962	2020-12-19	596	44	6
1963	2020-12-19	727	99	5
1964	2020-12-19	1000	30	5
1965	2020-12-20	582	37	8
1966	2020-12-21	325	28	5
1967	2020-12-21	623	68	7
1968	2020-12-21	55	76	8
1969	2020-12-21	47	65	9
1970	2020-12-21	374	4	7
1971	2020-12-22	770	65	7
1972	2020-12-23	110	7	1
1973	2020-12-23	355	47	5
1974	2020-12-23	446	55	9
1975	2020-12-24	471	65	6
1976	2020-12-25	967	51	10
1977	2020-12-25	785	6	6
1978	2020-12-25	827	58	9
1979	2020-12-25	242	80	3
1980	2020-12-25	813	34	8
1981	2020-12-25	710	31	3
1982	2020-12-27	632	20	7
1983	2020-12-27	101	81	4
1984	2020-12-27	88	41	8
1985	2020-12-27	512	47	4
1986	2020-12-28	370	41	4
1987	2020-12-28	533	51	3
1988	2020-12-28	121	4	2
1989	2020-12-28	976	77	2
1990	2020-12-29	910	2	5
1991	2020-12-29	421	11	4
1992	2020-12-29	706	13	6
1993	2020-12-29	763	50	8
1994	2020-12-29	216	6	3
1995	2020-12-29	166	8	8
1996	2020-12-29	806	15	10
1997	2020-12-30	449	72	8
1998	2020-12-31	922	70	5
1999	2020-12-31	498	54	6
2000	2020-12-31	226	15	4
\.


--
-- Data for Name: recgoods; Type: TABLE DATA; Schema: public; Owner: postgres
--

COPY public.recgoods (id, subid, goods, volume, price) FROM stdin;
1	1	88	340	1322.0000
2	2	114	165	1207.0000
3	3	85	187	281.0000
4	4	112	119	727.0000
5	5	48	316	390.0000
6	6	68	36	823.0000
7	7	88	313	1083.0000
8	8	103	367	1431.0000
9	9	129	482	1009.0000
10	10	110	493	107.0000
11	11	135	7	995.0000
12	12	39	318	252.0000
13	13	99	6	296.0000
14	14	103	56	402.0000
15	15	10	284	1251.0000
16	16	44	177	1192.0000
17	17	121	293	1484.0000
18	18	99	432	547.0000
19	19	61	281	756.0000
20	20	125	54	1256.0000
21	21	117	446	27.0000
22	22	3	7	526.0000
23	23	71	176	1175.0000
24	24	129	351	288.0000
25	25	97	253	1182.0000
26	26	33	152	928.0000
27	27	44	212	1159.0000
28	28	132	490	950.0000
29	29	21	444	220.0000
30	30	94	333	803.0000
31	31	129	285	342.0000
32	32	69	298	523.0000
33	33	94	61	842.0000
34	34	26	463	744.0000
35	35	69	147	1124.0000
36	36	132	202	1169.0000
37	37	137	216	1013.0000
38	38	88	11	1426.0000
39	39	115	223	1400.0000
40	40	55	295	1060.0000
41	41	25	293	1131.0000
42	42	148	318	451.0000
43	43	18	474	1397.0000
44	44	119	124	236.0000
45	45	100	346	746.0000
46	46	119	217	525.0000
47	47	95	109	568.0000
48	48	37	474	1157.0000
49	49	89	353	72.0000
50	50	122	202	1192.0000
51	51	111	148	420.0000
52	52	85	464	1104.0000
53	53	123	172	535.0000
54	54	50	487	1270.0000
55	55	20	367	469.0000
56	56	28	420	1093.0000
57	57	8	393	662.0000
58	58	88	402	1423.0000
59	59	91	393	1472.0000
60	60	60	111	40.0000
61	61	36	244	779.0000
62	62	115	302	16.0000
63	63	15	228	978.0000
64	64	11	294	478.0000
65	65	29	192	1305.0000
66	66	92	483	1110.0000
67	67	11	126	422.0000
68	68	14	292	103.0000
69	69	83	69	1184.0000
70	70	78	36	61.0000
71	71	26	1	964.0000
72	72	10	273	1199.0000
73	73	45	377	176.0000
74	74	130	286	395.0000
75	75	15	317	1396.0000
76	76	107	268	908.0000
77	77	56	26	146.0000
78	78	77	333	817.0000
79	79	35	430	692.0000
80	80	22	108	631.0000
81	81	146	151	1014.0000
82	82	15	488	1372.0000
83	83	104	323	706.0000
84	84	83	302	476.0000
85	85	107	499	821.0000
86	86	104	330	934.0000
87	87	110	115	1062.0000
88	88	40	303	1413.0000
89	89	89	264	903.0000
90	90	147	161	28.0000
91	91	29	335	60.0000
92	92	145	192	1257.0000
93	93	38	432	1463.0000
94	94	83	288	663.0000
95	95	45	18	189.0000
96	96	132	456	1149.0000
97	97	50	18	158.0000
98	98	122	52	427.0000
99	99	133	251	404.0000
100	100	16	312	1267.0000
101	101	33	348	1146.0000
102	102	31	342	1070.0000
103	103	76	317	233.0000
104	104	62	212	1167.0000
105	105	82	186	859.0000
106	106	103	148	1113.0000
107	107	135	80	861.0000
108	108	139	61	140.0000
109	109	120	466	695.0000
110	110	144	398	264.0000
111	111	21	81	605.0000
112	112	39	262	504.0000
113	113	28	269	1134.0000
114	114	61	76	422.0000
115	115	89	375	422.0000
116	116	114	311	557.0000
117	117	16	206	631.0000
118	118	9	352	754.0000
119	119	104	454	62.0000
120	120	6	350	1381.0000
121	121	143	85	891.0000
122	122	83	362	550.0000
123	123	88	108	1373.0000
124	124	74	365	854.0000
125	125	105	415	966.0000
126	126	97	466	297.0000
127	127	11	23	109.0000
128	128	138	155	882.0000
129	129	64	316	882.0000
130	130	27	114	785.0000
131	131	54	11	157.0000
132	132	20	107	1273.0000
133	133	72	134	1116.0000
134	134	45	119	5.0000
135	135	97	398	707.0000
136	136	109	299	736.0000
137	137	104	205	513.0000
138	138	18	286	250.0000
139	139	107	42	1051.0000
140	140	105	363	1184.0000
141	141	67	499	848.0000
142	142	45	318	460.0000
143	143	57	105	251.0000
144	144	136	160	921.0000
145	145	80	457	1237.0000
146	146	12	433	103.0000
147	147	112	393	360.0000
148	148	44	174	789.0000
149	149	54	69	939.0000
150	150	95	233	498.0000
151	151	109	440	1320.0000
152	152	149	449	1272.0000
153	153	73	162	42.0000
154	154	61	92	1062.0000
155	155	83	199	1183.0000
156	156	114	118	755.0000
157	157	146	315	767.0000
158	158	4	277	606.0000
159	159	42	108	104.0000
160	160	122	62	754.0000
161	161	39	317	661.0000
162	162	48	123	779.0000
163	163	136	400	777.0000
164	164	133	92	1406.0000
165	165	84	60	1099.0000
166	166	108	276	610.0000
167	167	68	472	1224.0000
168	168	105	488	300.0000
169	169	143	175	989.0000
170	170	79	489	1039.0000
171	171	68	182	1302.0000
172	172	119	243	1262.0000
173	173	137	500	611.0000
174	174	10	290	1159.0000
175	175	146	1	1368.0000
176	176	142	107	1054.0000
177	177	76	409	284.0000
178	178	42	87	127.0000
179	179	69	88	552.0000
180	180	93	375	1357.0000
181	181	115	417	373.0000
182	182	132	99	1408.0000
183	183	8	298	305.0000
184	184	33	215	762.0000
185	185	62	354	1434.0000
186	186	65	366	557.0000
187	187	67	477	455.0000
188	188	106	390	669.0000
189	189	55	302	577.0000
190	190	1	18	594.0000
191	191	22	290	1044.0000
192	192	58	100	1241.0000
193	193	51	61	1192.0000
194	194	73	266	948.0000
195	195	22	451	289.0000
196	196	22	434	540.0000
197	197	29	235	92.0000
198	198	125	263	886.0000
199	199	130	324	739.0000
200	200	58	118	283.0000
201	201	117	443	381.0000
202	202	25	318	332.0000
203	203	49	145	47.0000
204	204	32	424	154.0000
205	205	81	300	803.0000
206	206	41	27	431.0000
207	207	91	5	1365.0000
208	208	103	329	1171.0000
209	209	111	279	464.0000
210	210	8	378	1177.0000
211	211	50	316	1495.0000
212	212	53	176	1169.0000
213	213	148	90	317.0000
214	214	91	319	605.0000
215	215	60	273	407.0000
216	216	73	280	248.0000
217	217	115	173	45.0000
218	218	25	176	88.0000
219	219	60	433	1294.0000
220	220	79	293	1335.0000
221	221	76	367	219.0000
222	222	79	67	1497.0000
223	223	48	352	455.0000
224	224	32	156	1189.0000
225	225	76	65	403.0000
226	226	2	14	122.0000
227	227	120	336	1477.0000
228	228	131	167	1188.0000
229	229	123	60	1280.0000
230	230	32	223	949.0000
231	231	121	70	144.0000
232	232	120	489	564.0000
233	233	95	181	929.0000
234	234	90	391	1362.0000
235	235	124	209	200.0000
236	236	135	451	342.0000
237	237	23	395	1387.0000
238	238	6	296	955.0000
239	239	40	250	1086.0000
240	240	39	343	1136.0000
241	241	21	300	286.0000
242	242	107	392	924.0000
243	243	115	121	401.0000
244	244	85	431	954.0000
245	245	19	327	512.0000
246	246	23	1	659.0000
247	247	119	248	876.0000
248	248	138	438	768.0000
249	249	22	231	794.0000
250	250	42	494	1121.0000
251	251	104	231	273.0000
252	252	54	477	14.0000
253	253	74	74	346.0000
254	254	77	496	307.0000
255	255	81	136	609.0000
256	256	93	467	640.0000
257	257	91	285	551.0000
258	258	80	124	1163.0000
259	259	106	93	653.0000
260	260	56	26	158.0000
261	261	38	214	906.0000
262	262	28	50	661.0000
263	263	26	29	869.0000
264	264	102	499	329.0000
265	265	66	260	1029.0000
266	266	41	305	962.0000
267	267	35	226	95.0000
268	268	45	74	49.0000
269	269	77	186	1476.0000
270	270	3	61	156.0000
271	271	134	142	492.0000
272	272	20	286	783.0000
273	273	42	443	493.0000
274	274	124	274	1247.0000
275	275	34	182	1038.0000
276	276	62	172	220.0000
277	277	1	249	855.0000
278	278	79	482	97.0000
279	279	127	338	853.0000
280	280	13	9	726.0000
281	281	115	299	914.0000
282	282	107	354	1358.0000
283	283	38	191	948.0000
284	284	4	267	168.0000
285	285	9	121	570.0000
286	286	98	10	991.0000
287	287	148	181	1178.0000
288	288	127	277	255.0000
289	289	79	295	910.0000
290	290	55	1	1164.0000
291	291	76	95	1439.0000
292	292	140	79	703.0000
293	293	134	415	1260.0000
294	294	63	174	1322.0000
295	295	49	201	333.0000
296	296	32	122	161.0000
297	297	91	109	401.0000
298	298	130	27	430.0000
299	299	147	331	936.0000
300	300	130	132	201.0000
301	301	61	328	546.0000
302	302	125	444	439.0000
303	303	66	354	1401.0000
304	304	48	115	1093.0000
305	305	150	8	1007.0000
306	306	133	343	391.0000
307	307	33	321	786.0000
308	308	96	29	910.0000
309	309	82	185	1335.0000
310	310	29	221	734.0000
311	311	29	341	126.0000
312	312	106	163	1360.0000
313	313	49	398	1180.0000
314	314	1	101	1270.0000
315	315	147	25	1049.0000
316	316	27	348	1092.0000
317	317	95	279	922.0000
318	318	81	153	1485.0000
319	319	132	361	1150.0000
320	320	50	93	301.0000
321	321	63	191	1333.0000
322	322	147	52	200.0000
323	323	79	219	1358.0000
324	324	1	384	34.0000
325	325	103	60	1117.0000
326	326	88	202	1250.0000
327	327	78	408	1095.0000
328	328	47	184	760.0000
329	329	82	44	662.0000
330	330	33	81	836.0000
331	331	73	462	338.0000
332	332	85	242	937.0000
333	333	143	125	1253.0000
334	334	95	14	117.0000
335	335	3	263	210.0000
336	336	75	260	170.0000
337	337	29	418	1091.0000
338	338	120	317	1350.0000
339	339	118	387	718.0000
340	340	40	91	280.0000
341	341	32	284	923.0000
342	342	50	443	909.0000
343	343	73	390	1465.0000
344	344	68	183	488.0000
345	345	121	126	1375.0000
346	346	20	352	99.0000
347	347	71	451	1185.0000
348	348	18	227	757.0000
349	349	111	381	136.0000
350	350	16	436	258.0000
351	351	143	278	441.0000
352	352	21	412	745.0000
353	353	104	299	167.0000
354	354	32	483	1271.0000
355	355	95	144	1384.0000
356	356	31	381	646.0000
357	357	140	3	49.0000
358	358	118	463	1468.0000
359	359	150	117	976.0000
360	360	8	102	1285.0000
361	361	108	308	948.0000
362	362	51	198	741.0000
363	363	42	221	943.0000
364	364	134	24	428.0000
365	365	129	234	1324.0000
366	366	46	427	1376.0000
367	367	9	226	1176.0000
368	368	119	388	1263.0000
369	369	74	434	880.0000
370	370	118	94	668.0000
371	371	85	24	321.0000
372	372	71	422	380.0000
373	373	19	146	771.0000
374	374	34	222	208.0000
375	375	92	364	492.0000
376	376	99	179	460.0000
377	377	146	44	1287.0000
378	378	27	290	502.0000
379	379	19	440	1157.0000
380	380	116	113	413.0000
381	381	65	247	1237.0000
382	382	65	307	589.0000
383	383	99	88	1022.0000
384	384	9	253	108.0000
385	385	120	355	672.0000
386	386	111	311	141.0000
387	387	35	295	1336.0000
388	388	99	114	1118.0000
389	389	14	291	16.0000
390	390	134	33	1471.0000
391	391	100	34	726.0000
392	392	55	449	1490.0000
393	393	93	330	349.0000
394	394	91	120	218.0000
395	395	70	479	1343.0000
396	396	65	103	1152.0000
397	397	1	84	732.0000
398	398	79	360	770.0000
399	399	84	366	267.0000
400	400	112	14	1300.0000
401	401	116	285	235.0000
402	402	60	468	894.0000
403	403	14	125	495.0000
404	404	55	394	156.0000
405	405	59	279	1166.0000
406	406	58	231	483.0000
407	407	137	455	852.0000
408	408	26	11	1402.0000
409	409	121	127	532.0000
410	410	42	244	1218.0000
411	411	91	142	866.0000
412	412	10	91	1391.0000
413	413	14	235	104.0000
414	414	120	46	297.0000
415	415	10	265	643.0000
416	416	120	276	101.0000
417	417	10	153	748.0000
418	418	36	282	29.0000
419	419	28	172	780.0000
420	420	101	135	1226.0000
421	421	146	317	653.0000
422	422	104	280	365.0000
423	423	44	135	119.0000
424	424	58	373	1021.0000
425	425	90	485	949.0000
426	426	108	449	1142.0000
427	427	75	239	679.0000
428	428	31	44	752.0000
429	429	72	226	1377.0000
430	430	111	309	952.0000
431	431	17	322	607.0000
432	432	54	230	525.0000
433	433	70	383	569.0000
434	434	121	267	597.0000
435	435	49	10	801.0000
436	436	137	95	1223.0000
437	437	38	178	189.0000
438	438	68	397	1399.0000
439	439	104	104	43.0000
440	440	138	212	1309.0000
441	441	66	220	413.0000
442	442	147	471	613.0000
443	443	27	245	1131.0000
444	444	109	365	1073.0000
445	445	67	77	741.0000
446	446	123	194	649.0000
447	447	37	465	349.0000
448	448	25	99	496.0000
449	449	92	162	984.0000
450	450	42	277	1476.0000
451	451	26	228	117.0000
452	452	131	227	1128.0000
453	453	89	11	247.0000
454	454	14	70	1354.0000
455	455	78	272	25.0000
456	456	73	392	661.0000
457	457	98	167	1497.0000
458	458	136	260	760.0000
459	459	67	70	591.0000
460	460	47	409	402.0000
461	461	137	492	360.0000
462	462	17	230	839.0000
463	463	7	289	497.0000
464	464	17	64	506.0000
465	465	12	158	1121.0000
466	466	65	480	1280.0000
467	467	97	409	1081.0000
468	468	118	372	329.0000
469	469	73	399	1317.0000
470	470	46	68	1039.0000
471	471	145	304	978.0000
472	472	139	161	652.0000
473	473	31	351	77.0000
474	474	141	313	1209.0000
475	475	70	158	1208.0000
476	476	68	42	950.0000
477	477	14	78	801.0000
478	478	114	240	1130.0000
479	479	138	379	970.0000
480	480	67	224	204.0000
481	481	9	472	489.0000
482	482	128	254	547.0000
483	483	17	62	489.0000
484	484	31	497	589.0000
485	485	96	95	1485.0000
486	486	102	325	56.0000
487	487	38	385	1170.0000
488	488	15	402	1034.0000
489	489	53	132	1082.0000
490	490	29	257	540.0000
491	491	137	394	913.0000
492	492	7	229	168.0000
493	493	50	460	188.0000
494	494	55	320	827.0000
495	495	37	269	1180.0000
496	496	32	246	1097.0000
497	497	93	133	1425.0000
498	498	28	247	253.0000
499	499	32	468	1403.0000
500	500	37	310	886.0000
501	501	43	185	380.0000
502	502	127	387	784.0000
503	503	113	6	316.0000
504	504	125	406	216.0000
505	505	17	148	1357.0000
506	506	37	470	1213.0000
507	507	24	232	1456.0000
508	508	97	194	337.0000
509	509	123	357	818.0000
510	510	122	316	474.0000
511	511	31	404	359.0000
512	512	2	154	474.0000
513	513	40	404	1201.0000
514	514	40	140	534.0000
515	515	141	490	1158.0000
516	516	136	4	1164.0000
517	517	63	107	275.0000
518	518	15	67	1489.0000
519	519	122	462	995.0000
520	520	87	264	473.0000
521	521	47	250	1013.0000
522	522	20	151	493.0000
523	523	143	143	786.0000
524	524	67	500	422.0000
525	525	70	2	530.0000
526	526	56	114	955.0000
527	527	45	98	268.0000
528	528	135	345	988.0000
529	529	34	48	1053.0000
530	530	59	415	253.0000
531	531	32	496	846.0000
532	532	8	479	211.0000
533	533	133	159	920.0000
534	534	100	268	1096.0000
535	535	47	475	1013.0000
536	536	100	395	1050.0000
537	537	1	289	1242.0000
538	538	118	464	431.0000
539	539	46	437	764.0000
540	540	122	456	1089.0000
541	541	31	343	903.0000
542	542	50	244	652.0000
543	543	9	278	394.0000
544	544	22	326	789.0000
545	545	41	341	914.0000
546	546	105	392	120.0000
547	547	106	314	1094.0000
548	548	22	409	641.0000
549	549	65	66	1139.0000
550	550	70	379	651.0000
551	551	138	206	819.0000
552	552	90	211	1208.0000
553	553	79	40	561.0000
554	554	65	132	785.0000
555	555	47	340	404.0000
556	556	68	144	1068.0000
557	557	92	390	1387.0000
558	558	58	42	1008.0000
559	559	4	9	23.0000
560	560	2	131	284.0000
561	561	119	243	416.0000
562	562	104	409	152.0000
563	563	61	244	975.0000
564	564	2	329	1360.0000
565	565	73	426	1332.0000
566	566	4	455	1138.0000
567	567	64	345	186.0000
568	568	89	439	1040.0000
569	569	112	36	515.0000
570	570	68	109	885.0000
571	571	116	222	451.0000
572	572	112	375	1080.0000
573	573	96	79	21.0000
574	574	22	95	269.0000
575	575	10	69	520.0000
576	576	74	442	1403.0000
577	577	44	211	463.0000
578	578	2	130	706.0000
579	579	142	211	1339.0000
580	580	119	42	1309.0000
581	581	73	354	911.0000
582	582	22	161	478.0000
583	583	57	377	1232.0000
584	584	126	309	1355.0000
585	585	8	180	724.0000
586	586	62	251	904.0000
587	587	98	314	340.0000
588	588	15	16	1095.0000
589	589	33	8	549.0000
590	590	123	480	642.0000
591	591	13	384	471.0000
592	592	116	299	179.0000
593	593	132	382	1216.0000
594	594	55	435	223.0000
595	595	107	27	7.0000
596	596	100	403	922.0000
597	597	114	233	694.0000
598	598	58	263	87.0000
599	599	97	293	81.0000
600	600	58	8	1496.0000
601	601	52	102	1452.0000
602	602	2	73	44.0000
603	603	12	266	1025.0000
604	604	127	374	1436.0000
605	605	100	482	902.0000
606	606	49	443	882.0000
607	607	73	292	1217.0000
608	608	108	377	107.0000
609	609	103	56	599.0000
610	610	114	460	87.0000
611	611	29	176	469.0000
612	612	59	174	384.0000
613	613	60	205	692.0000
614	614	107	107	740.0000
615	615	80	385	267.0000
616	616	148	366	229.0000
617	617	147	394	673.0000
618	618	41	377	1359.0000
619	619	118	181	387.0000
620	620	139	484	843.0000
621	621	71	231	825.0000
622	622	95	420	883.0000
623	623	11	346	1136.0000
624	624	56	377	1388.0000
625	625	129	297	844.0000
626	626	77	178	726.0000
627	627	18	400	302.0000
628	628	86	358	353.0000
629	629	117	330	103.0000
630	630	21	212	186.0000
631	631	76	380	87.0000
632	632	97	84	671.0000
633	633	28	484	706.0000
634	634	15	384	1397.0000
635	635	135	243	1243.0000
636	636	24	142	957.0000
637	637	23	179	165.0000
638	638	28	141	1329.0000
639	639	89	244	1183.0000
640	640	138	340	492.0000
641	641	109	16	75.0000
642	642	54	457	940.0000
643	643	19	437	902.0000
644	644	28	168	1414.0000
645	645	74	273	216.0000
646	646	121	85	920.0000
647	647	44	313	600.0000
648	648	60	87	682.0000
649	649	29	165	1015.0000
650	650	24	386	76.0000
651	651	8	38	299.0000
652	652	25	352	859.0000
653	653	7	246	1423.0000
654	654	91	89	1177.0000
655	655	109	44	427.0000
656	656	96	418	1484.0000
657	657	69	212	1066.0000
658	658	142	162	370.0000
659	659	34	203	1214.0000
660	660	39	429	1150.0000
661	661	83	82	916.0000
662	662	127	293	60.0000
663	663	42	216	1130.0000
664	664	51	112	1390.0000
665	665	149	73	518.0000
666	666	27	250	1036.0000
667	667	9	5	165.0000
668	668	90	78	1472.0000
669	669	72	147	1174.0000
670	670	75	278	1279.0000
671	671	122	378	232.0000
672	672	138	157	137.0000
673	673	38	234	1205.0000
674	674	47	95	107.0000
675	675	116	262	248.0000
676	676	96	323	251.0000
677	677	26	103	804.0000
678	678	149	354	1341.0000
679	679	13	47	572.0000
680	680	128	216	918.0000
681	681	96	304	699.0000
682	682	96	52	1497.0000
683	683	90	214	29.0000
684	684	65	198	1414.0000
685	685	82	130	1081.0000
686	686	21	272	737.0000
687	687	76	277	1306.0000
688	688	106	24	730.0000
689	689	8	317	76.0000
690	690	114	403	1163.0000
691	691	17	151	372.0000
692	692	131	403	1336.0000
693	693	96	489	220.0000
694	694	127	6	680.0000
695	695	14	230	284.0000
696	696	79	68	563.0000
697	697	78	124	994.0000
698	698	130	170	622.0000
699	699	96	313	1451.0000
700	700	55	397	1218.0000
701	701	134	480	1191.0000
702	702	76	139	1032.0000
703	703	105	224	694.0000
704	704	59	99	1332.0000
705	705	77	9	514.0000
706	706	6	298	953.0000
707	707	37	367	476.0000
708	708	71	270	120.0000
709	709	60	246	582.0000
710	710	87	163	987.0000
711	711	22	466	798.0000
712	712	69	413	381.0000
713	713	16	276	1417.0000
714	714	132	228	1416.0000
715	715	97	440	1014.0000
716	716	3	465	725.0000
717	717	32	96	688.0000
718	718	150	1	961.0000
719	719	113	107	447.0000
720	720	126	149	975.0000
721	721	22	179	381.0000
722	722	78	339	140.0000
723	723	108	11	256.0000
724	724	78	465	178.0000
725	725	149	123	63.0000
726	726	148	195	1243.0000
727	727	67	389	753.0000
728	728	65	132	568.0000
729	729	1	252	600.0000
730	730	106	44	772.0000
731	731	37	160	283.0000
732	732	16	462	70.0000
733	733	109	19	1130.0000
734	734	134	22	1385.0000
735	735	84	133	1056.0000
736	736	144	120	774.0000
737	737	138	36	88.0000
738	738	142	212	1381.0000
739	739	37	198	444.0000
740	740	36	242	150.0000
741	741	55	111	419.0000
742	742	42	9	122.0000
743	743	129	176	745.0000
744	744	69	251	1074.0000
745	745	74	120	1187.0000
746	746	34	115	1296.0000
747	747	6	452	315.0000
748	748	106	194	149.0000
749	749	41	190	345.0000
750	750	112	201	886.0000
751	751	92	92	358.0000
752	752	66	209	129.0000
753	753	50	427	26.0000
754	754	100	463	747.0000
755	755	16	285	1494.0000
756	756	88	84	570.0000
757	757	52	141	949.0000
758	758	4	323	213.0000
759	759	110	110	724.0000
760	760	36	452	690.0000
761	761	141	369	1354.0000
762	762	113	324	919.0000
763	763	131	297	1006.0000
764	764	43	158	750.0000
765	765	139	447	674.0000
766	766	75	398	295.0000
767	767	134	438	442.0000
768	768	83	96	1298.0000
769	769	134	463	720.0000
770	770	68	39	811.0000
771	771	146	65	739.0000
772	772	134	47	119.0000
773	773	92	1	1090.0000
774	774	132	358	1388.0000
775	775	104	282	35.0000
776	776	41	194	1354.0000
777	777	35	253	675.0000
778	778	121	214	673.0000
779	779	142	355	1099.0000
780	780	134	293	1089.0000
781	781	54	418	303.0000
782	782	70	443	159.0000
783	783	129	322	1030.0000
784	784	59	389	729.0000
785	785	143	35	307.0000
786	786	90	122	158.0000
787	787	48	74	536.0000
788	788	136	412	1189.0000
789	789	35	262	752.0000
790	790	146	404	492.0000
791	791	8	235	1367.0000
792	792	76	348	334.0000
793	793	52	380	1479.0000
794	794	148	461	402.0000
795	795	43	106	209.0000
796	796	103	266	182.0000
797	797	20	393	964.0000
798	798	60	253	1405.0000
799	799	81	470	599.0000
800	800	78	314	678.0000
801	801	112	180	1166.0000
802	802	94	286	653.0000
803	803	40	374	199.0000
804	804	97	60	1449.0000
805	805	150	284	655.0000
806	806	72	248	1205.0000
807	807	49	439	1384.0000
808	808	43	276	8.0000
809	809	47	120	1184.0000
810	810	135	150	1339.0000
811	811	141	324	1099.0000
812	812	125	247	1223.0000
813	813	137	473	274.0000
814	814	6	20	343.0000
815	815	77	442	758.0000
816	816	55	203	15.0000
817	817	105	208	613.0000
818	818	5	244	98.0000
819	819	60	63	1143.0000
820	820	126	166	613.0000
821	821	72	430	954.0000
822	822	111	147	4.0000
823	823	15	423	198.0000
824	824	40	489	767.0000
825	825	100	241	635.0000
826	826	94	34	910.0000
827	827	49	319	1300.0000
828	828	7	121	103.0000
829	829	63	301	447.0000
830	830	3	4	1.0000
831	831	34	333	956.0000
832	832	99	76	847.0000
833	833	107	169	350.0000
834	834	6	177	10.0000
835	835	33	93	1083.0000
836	836	124	478	847.0000
837	837	62	289	603.0000
838	838	15	52	1333.0000
839	839	43	139	741.0000
840	840	54	41	419.0000
841	841	140	449	1118.0000
842	842	10	487	464.0000
843	843	41	14	1126.0000
844	844	110	432	879.0000
845	845	21	451	891.0000
846	846	3	109	369.0000
847	847	89	50	25.0000
848	848	118	100	38.0000
849	849	133	127	32.0000
850	850	74	407	1242.0000
851	851	90	494	513.0000
852	852	50	433	1016.0000
853	853	88	411	1004.0000
854	854	43	338	1163.0000
855	855	127	130	592.0000
856	856	28	25	1324.0000
857	857	113	336	1492.0000
858	858	140	356	1210.0000
859	859	12	217	526.0000
860	860	68	12	744.0000
861	861	72	153	1239.0000
862	862	99	143	1120.0000
863	863	101	132	151.0000
864	864	45	329	59.0000
865	865	24	80	1030.0000
866	866	104	295	1303.0000
867	867	82	92	1470.0000
868	868	110	174	1334.0000
869	869	105	398	526.0000
870	870	101	226	1167.0000
871	871	40	355	214.0000
872	872	52	285	1495.0000
873	873	25	20	47.0000
874	874	147	205	67.0000
875	875	15	246	838.0000
876	876	108	7	916.0000
877	877	13	185	22.0000
878	878	67	355	678.0000
879	879	29	183	364.0000
880	880	142	126	1094.0000
881	881	13	379	522.0000
882	882	52	348	247.0000
883	883	73	102	956.0000
884	884	137	433	137.0000
885	885	112	218	1220.0000
886	886	52	7	1007.0000
887	887	75	31	1351.0000
888	888	71	17	325.0000
889	889	108	326	725.0000
890	890	74	382	407.0000
891	891	147	384	1042.0000
892	892	88	207	494.0000
893	893	19	191	70.0000
894	894	86	222	98.0000
895	895	117	212	100.0000
896	896	95	416	706.0000
897	897	38	175	285.0000
898	898	64	331	233.0000
899	899	17	485	102.0000
900	900	24	385	1203.0000
901	901	10	448	406.0000
902	902	38	332	1024.0000
903	903	52	198	525.0000
904	904	112	161	346.0000
905	905	5	148	791.0000
906	906	58	434	838.0000
907	907	16	401	704.0000
908	908	121	499	1222.0000
909	909	49	313	509.0000
910	910	42	117	1111.0000
911	911	131	313	702.0000
912	912	86	20	684.0000
913	913	146	43	1468.0000
914	914	123	79	1223.0000
915	915	39	238	523.0000
916	916	143	108	1069.0000
917	917	50	57	255.0000
918	918	57	255	1076.0000
919	919	129	15	941.0000
920	920	71	129	432.0000
921	921	31	359	911.0000
922	922	18	177	64.0000
923	923	49	244	197.0000
924	924	99	313	696.0000
925	925	40	137	905.0000
926	926	43	151	321.0000
927	927	91	362	1247.0000
928	928	149	169	403.0000
929	929	84	219	219.0000
930	930	3	265	232.0000
931	931	124	47	16.0000
932	932	131	361	1368.0000
933	933	102	265	146.0000
934	934	42	162	27.0000
935	935	111	7	632.0000
936	936	51	163	1245.0000
937	937	122	244	427.0000
938	938	32	76	1431.0000
939	939	123	55	266.0000
940	940	127	263	455.0000
941	941	140	418	219.0000
942	942	139	291	237.0000
943	943	85	243	1432.0000
944	944	34	6	1186.0000
945	945	27	124	894.0000
946	946	129	316	256.0000
947	947	28	421	1064.0000
948	948	125	274	629.0000
949	949	143	151	1082.0000
950	950	42	392	1302.0000
951	951	74	120	236.0000
952	952	105	292	1327.0000
953	953	19	168	303.0000
954	954	77	298	555.0000
955	955	17	63	424.0000
956	956	13	11	1352.0000
957	957	85	458	380.0000
958	958	107	416	80.0000
959	959	125	122	613.0000
960	960	25	227	17.0000
961	961	49	294	1268.0000
962	962	7	311	602.0000
963	963	140	69	808.0000
964	964	97	400	1325.0000
965	965	139	278	1031.0000
966	966	51	429	712.0000
967	967	81	281	604.0000
968	968	36	230	99.0000
969	969	126	299	225.0000
970	970	117	342	748.0000
971	971	114	461	1342.0000
972	972	102	22	156.0000
973	973	55	481	1162.0000
974	974	76	205	43.0000
975	975	120	60	766.0000
976	976	43	282	1104.0000
977	977	74	424	849.0000
978	978	6	438	1301.0000
979	979	10	106	396.0000
980	980	68	454	111.0000
981	981	90	348	1188.0000
982	982	5	263	220.0000
983	983	144	315	604.0000
984	984	144	96	930.0000
985	985	125	339	1473.0000
986	986	16	185	418.0000
987	987	112	314	767.0000
988	988	25	115	561.0000
989	989	127	278	361.0000
990	990	150	395	1113.0000
991	991	116	463	946.0000
992	992	74	324	544.0000
993	993	83	81	800.0000
994	994	57	302	859.0000
995	995	7	11	731.0000
996	996	32	236	1154.0000
997	997	131	157	289.0000
998	998	85	332	851.0000
999	999	52	413	1499.0000
1000	1000	4	432	1361.0000
\.


--
-- Data for Name: region; Type: TABLE DATA; Schema: public; Owner: postgres
--

COPY public.region (id, name) FROM stdin;
1	 1
2	 2
3	 3
4	 4
5	 5
\.


--
-- Data for Name: storage; Type: TABLE DATA; Schema: public; Owner: postgres
--

COPY public.storage (id, name) FROM stdin;
1	warehouse: 1
2	warehouse: 2
3	warehouse: 3
4	warehouse: 4
5	warehouse: 5
6	warehouse: 6
7	warehouse: 7
8	warehouse: 8
9	warehouse: 9
10	warehouse: 10
\.


--
-- Name: bank_income_id_seq; Type: SEQUENCE SET; Schema: public; Owner: postgres
--

SELECT pg_catalog.setval('public.bank_income_id_seq', 500, true);


--
-- Name: bank_recept_id_seq; Type: SEQUENCE SET; Schema: public; Owner: postgres
--

SELECT pg_catalog.setval('public.bank_recept_id_seq', 500, true);


--
-- Name: cassa_income_id_seq; Type: SEQUENCE SET; Schema: public; Owner: postgres
--

SELECT pg_catalog.setval('public.cassa_income_id_seq', 500, true);


--
-- Name: cassa_recept_id_seq; Type: SEQUENCE SET; Schema: public; Owner: postgres
--

SELECT pg_catalog.setval('public.cassa_recept_id_seq', 500, true);


--
-- Name: city_id_seq; Type: SEQUENCE SET; Schema: public; Owner: postgres
--

SELECT pg_catalog.setval('public.city_id_seq', 100, true);


--
-- Name: client_id_seq; Type: SEQUENCE SET; Schema: public; Owner: postgres
--

SELECT pg_catalog.setval('public.client_id_seq', 100, true);


--
-- Name: goods_groups_id_seq; Type: SEQUENCE SET; Schema: public; Owner: postgres
--

SELECT pg_catalog.setval('public.goods_groups_id_seq', 15, true);


--
-- Name: goods_id_seq; Type: SEQUENCE SET; Schema: public; Owner: postgres
--

SELECT pg_catalog.setval('public.goods_id_seq', 150, true);


--
-- Name: income_id_seq; Type: SEQUENCE SET; Schema: public; Owner: postgres
--

SELECT pg_catalog.setval('public.income_id_seq', 1000, true);


--
-- Name: recept_id_seq; Type: SEQUENCE SET; Schema: public; Owner: postgres
--

SELECT pg_catalog.setval('public.recept_id_seq', 2000, true);


--
-- Name: region_id_seq; Type: SEQUENCE SET; Schema: public; Owner: postgres
--

SELECT pg_catalog.setval('public.region_id_seq', 5, true);


--
-- Name: storage_id_seq; Type: SEQUENCE SET; Schema: public; Owner: postgres
--

SELECT pg_catalog.setval('public.storage_id_seq', 10, true);


--
-- Name: bank_income bank_income_pkey; Type: CONSTRAINT; Schema: public; Owner: postgres
--

ALTER TABLE ONLY public.bank_income
    ADD CONSTRAINT bank_income_pkey PRIMARY KEY (id);


--
-- Name: bank_recept bank_recept_pkey; Type: CONSTRAINT; Schema: public; Owner: postgres
--

ALTER TABLE ONLY public.bank_recept
    ADD CONSTRAINT bank_recept_pkey PRIMARY KEY (id);


--
-- Name: cassa_income cassa_income_pkey; Type: CONSTRAINT; Schema: public; Owner: postgres
--

ALTER TABLE ONLY public.cassa_income
    ADD CONSTRAINT cassa_income_pkey PRIMARY KEY (id);


--
-- Name: cassa_recept cassa_recept_pkey; Type: CONSTRAINT; Schema: public; Owner: postgres
--

ALTER TABLE ONLY public.cassa_recept
    ADD CONSTRAINT cassa_recept_pkey PRIMARY KEY (id);


--
-- Name: city city_pkey; Type: CONSTRAINT; Schema: public; Owner: postgres
--

ALTER TABLE ONLY public.city
    ADD CONSTRAINT city_pkey PRIMARY KEY (id);


--
-- Name: client client_pkey; Type: CONSTRAINT; Schema: public; Owner: postgres
--

ALTER TABLE ONLY public.client
    ADD CONSTRAINT client_pkey PRIMARY KEY (id);


--
-- Name: goods_groups goods_groups_pkey; Type: CONSTRAINT; Schema: public; Owner: postgres
--

ALTER TABLE ONLY public.goods_groups
    ADD CONSTRAINT goods_groups_pkey PRIMARY KEY (id);


--
-- Name: goods goods_pkey; Type: CONSTRAINT; Schema: public; Owner: postgres
--

ALTER TABLE ONLY public.goods
    ADD CONSTRAINT goods_pkey PRIMARY KEY (id);


--
-- Name: incgoods incgoods_pkey; Type: CONSTRAINT; Schema: public; Owner: postgres
--

ALTER TABLE ONLY public.incgoods
    ADD CONSTRAINT incgoods_pkey PRIMARY KEY (id, subid);


--
-- Name: income income_pkey; Type: CONSTRAINT; Schema: public; Owner: postgres
--

ALTER TABLE ONLY public.income
    ADD CONSTRAINT income_pkey PRIMARY KEY (id);


--
-- Name: recept recept_pkey; Type: CONSTRAINT; Schema: public; Owner: postgres
--

ALTER TABLE ONLY public.recept
    ADD CONSTRAINT recept_pkey PRIMARY KEY (id);


--
-- Name: recgoods recgoods_pkey; Type: CONSTRAINT; Schema: public; Owner: postgres
--

ALTER TABLE ONLY public.recgoods
    ADD CONSTRAINT recgoods_pkey PRIMARY KEY (id, subid);


--
-- Name: region region_pkey; Type: CONSTRAINT; Schema: public; Owner: postgres
--

ALTER TABLE ONLY public.region
    ADD CONSTRAINT region_pkey PRIMARY KEY (id);


--
-- Name: storage storage_pkey; Type: CONSTRAINT; Schema: public; Owner: postgres
--

ALTER TABLE ONLY public.storage
    ADD CONSTRAINT storage_pkey PRIMARY KEY (id);


--
-- Name: ix_prediction_index; Type: INDEX; Schema: public; Owner: postgres
--

CREATE INDEX ix_prediction_index ON public.prediction USING btree (index);


--
-- Name: bank_income bank_income_client_fkey; Type: FK CONSTRAINT; Schema: public; Owner: postgres
--

ALTER TABLE ONLY public.bank_income
    ADD CONSTRAINT bank_income_client_fkey FOREIGN KEY (client) REFERENCES public.client(id);


--
-- Name: bank_recept bank_recept_client_fkey; Type: FK CONSTRAINT; Schema: public; Owner: postgres
--

ALTER TABLE ONLY public.bank_recept
    ADD CONSTRAINT bank_recept_client_fkey FOREIGN KEY (client) REFERENCES public.client(id);


--
-- Name: cassa_income cassa_income_client_fkey; Type: FK CONSTRAINT; Schema: public; Owner: postgres
--

ALTER TABLE ONLY public.cassa_income
    ADD CONSTRAINT cassa_income_client_fkey FOREIGN KEY (client) REFERENCES public.client(id);


--
-- Name: cassa_recept cassa_recept_client_fkey; Type: FK CONSTRAINT; Schema: public; Owner: postgres
--

ALTER TABLE ONLY public.cassa_recept
    ADD CONSTRAINT cassa_recept_client_fkey FOREIGN KEY (client) REFERENCES public.client(id);


--
-- Name: city city_region_fkey; Type: FK CONSTRAINT; Schema: public; Owner: postgres
--

ALTER TABLE ONLY public.city
    ADD CONSTRAINT city_region_fkey FOREIGN KEY (region) REFERENCES public.region(id);


--
-- Name: client client_city_fkey; Type: FK CONSTRAINT; Schema: public; Owner: postgres
--

ALTER TABLE ONLY public.client
    ADD CONSTRAINT client_city_fkey FOREIGN KEY (city) REFERENCES public.city(id);


--
-- Name: goods goods_g_group_fkey; Type: FK CONSTRAINT; Schema: public; Owner: postgres
--

ALTER TABLE ONLY public.goods
    ADD CONSTRAINT goods_g_group_fkey FOREIGN KEY (g_group) REFERENCES public.goods_groups(id);


--
-- Name: goods_groups goods_groups_parent_fkey; Type: FK CONSTRAINT; Schema: public; Owner: postgres
--

ALTER TABLE ONLY public.goods_groups
    ADD CONSTRAINT goods_groups_parent_fkey FOREIGN KEY (parent) REFERENCES public.goods_groups(id);


--
-- Name: incgoods incgoods_goods_fkey; Type: FK CONSTRAINT; Schema: public; Owner: postgres
--

ALTER TABLE ONLY public.incgoods
    ADD CONSTRAINT incgoods_goods_fkey FOREIGN KEY (goods) REFERENCES public.goods(id);


--
-- Name: incgoods incgoods_id_fkey; Type: FK CONSTRAINT; Schema: public; Owner: postgres
--

ALTER TABLE ONLY public.incgoods
    ADD CONSTRAINT incgoods_id_fkey FOREIGN KEY (id) REFERENCES public.income(id);


--
-- Name: income income_client_fkey; Type: FK CONSTRAINT; Schema: public; Owner: postgres
--

ALTER TABLE ONLY public.income
    ADD CONSTRAINT income_client_fkey FOREIGN KEY (client) REFERENCES public.client(id);


--
-- Name: income income_storage_fkey; Type: FK CONSTRAINT; Schema: public; Owner: postgres
--

ALTER TABLE ONLY public.income
    ADD CONSTRAINT income_storage_fkey FOREIGN KEY (storage) REFERENCES public.storage(id);


--
-- Name: recept recept_client_fkey; Type: FK CONSTRAINT; Schema: public; Owner: postgres
--

ALTER TABLE ONLY public.recept
    ADD CONSTRAINT recept_client_fkey FOREIGN KEY (client) REFERENCES public.client(id);


--
-- Name: recept recept_storage_fkey; Type: FK CONSTRAINT; Schema: public; Owner: postgres
--

ALTER TABLE ONLY public.recept
    ADD CONSTRAINT recept_storage_fkey FOREIGN KEY (storage) REFERENCES public.storage(id);


--
-- Name: recgoods recgoods_goods_fkey; Type: FK CONSTRAINT; Schema: public; Owner: postgres
--

ALTER TABLE ONLY public.recgoods
    ADD CONSTRAINT recgoods_goods_fkey FOREIGN KEY (goods) REFERENCES public.goods(id);


--
-- Name: recgoods recgoods_id_fkey; Type: FK CONSTRAINT; Schema: public; Owner: postgres
--

ALTER TABLE ONLY public.recgoods
    ADD CONSTRAINT recgoods_id_fkey FOREIGN KEY (id) REFERENCES public.recept(id);


--
-- PostgreSQL database dump complete
--

